/*
Navicat MySQL Data Transfer

Source Server         : localhost
Source Server Version : 50728
Source Host           : localhost:3306
Source Database       : licai

Target Server Type    : MYSQL
Target Server Version : 50728
File Encoding         : 65001

Date: 2020-11-27 20:52:04
*/

SET FOREIGN_KEY_CHECKS=0;

-- ----------------------------
-- Table structure for base_config
-- ----------------------------
DROP TABLE IF EXISTS `base_config`;
CREATE TABLE `base_config` (
  `id` int(5) NOT NULL,
  `category` int(1) NOT NULL DEFAULT '1' COMMENT '玩法类型 1-股票 2-基金 3-Reits 4-可转债 5-逆回购',
  `location` int(1) NOT NULL DEFAULT '1' COMMENT '归属市场 1-沪  2-深 3-港股 4-美股',
  `safe_pe` int(3) NOT NULL DEFAULT '0' COMMENT '安全市盈率',
  `ten_year_tb` int(3) NOT NULL DEFAULT '0' COMMENT '10年期国债收益率',
  `ten_year_tb_remark` varchar(100) NOT NULL COMMENT '10年期国债收益率备注',
  `comany_id` int(11) DEFAULT NULL COMMENT '公司详情表主键',
  `select_condition` varchar(200) DEFAULT NULL COMMENT '选股条件详情',
  PRIMARY KEY (`id`)
) ENGINE=InnoDB DEFAULT CHARSET=utf8mb4 COMMENT='基础配置';

-- ----------------------------
-- Records of base_config
-- ----------------------------

-- ----------------------------
-- Table structure for cash_flow_statistics
-- ----------------------------
DROP TABLE IF EXISTS `cash_flow_statistics`;
CREATE TABLE `cash_flow_statistics` (
  `id` int(11) NOT NULL AUTO_INCREMENT,
  `company_id` int(11) NOT NULL COMMENT '公司详情表主键',
  `year` int(4) NOT NULL COMMENT '年份',
  `report_type` int(1) NOT NULL DEFAULT '1' COMMENT '参考标准 1-年报 2-第三季度报 3-半年报 4-第一季度报',
  `business_to_profit` bigint(20) NOT NULL COMMENT '经营活动产生的现金流量净额',
  `bonus_cash` bigint(20) NOT NULL COMMENT '分红金额',
  `profit_substract_bonus` bigint(20) NOT NULL COMMENT '现金净增额  经营活动产生的现金流量净额-分红',
  `cash_in_incoming` int(8) NOT NULL COMMENT '销售商品提供劳务收到的现金/营业收入',
  `expand_in_profit_rate` int(8) NOT NULL COMMENT '购建资产/经营活动产生的现金流量净额',
  `sell_in_expand_rate` int(8) NOT NULL COMMENT '处置资产/购建资产',
  `remark` varchar(100) DEFAULT NULL COMMENT '备注',
  `create_time` datetime NOT NULL COMMENT '创建时间',
  `update_time` datetime DEFAULT NULL COMMENT '更新时间',
  PRIMARY KEY (`id`),
  KEY `idx_0` (`company_id`,`year`,`report_type`)
) ENGINE=InnoDB AUTO_INCREMENT=74 DEFAULT CHARSET=utf8mb4 COMMENT='合并现金流量表指标';

-- ----------------------------
-- Records of cash_flow_statistics
-- ----------------------------
INSERT INTO `cash_flow_statistics` VALUES ('1', '1', '2019', '1', '14741007000', '4388702000', '10352305000', '8389', '13993', '280', null, '2020-11-04 13:02:17', '2020-11-27 19:46:47');
INSERT INTO `cash_flow_statistics` VALUES ('2', '1', '2015', '1', '3842094000', '1762667000', '2079427000', '10112', '31988', '4707', null, '2020-11-04 13:19:09', '2020-11-27 20:48:57');
INSERT INTO `cash_flow_statistics` VALUES ('3', '1', '2016', '1', '-1845571000', '3208633000', '-5054204000', '8464', '-70729', '-1065', null, '2020-11-04 13:14:35', '2020-11-27 19:49:50');
INSERT INTO `cash_flow_statistics` VALUES ('4', '1', '2017', '1', '6367887000', '26691182000', '-20323295000', '8907', '23205', '336', null, '2020-11-04 13:14:08', '2020-11-27 19:49:25');
INSERT INTO `cash_flow_statistics` VALUES ('5', '1', '2018', '1', '12522909000', '4120193000', '8402716000', '7982', '14248', '367', null, '2020-11-04 13:06:33', '2020-11-27 19:48:29');
INSERT INTO `cash_flow_statistics` VALUES ('6', '2', '2015', '1', '44378381827', '9525010447', '34853371380', '11348', '650', '0', null, '2020-11-05 14:22:07', '2020-11-05 15:30:39');
INSERT INTO `cash_flow_statistics` VALUES ('7', '2', '2016', '1', '14859952106', '9180067571', '5679884535', '6454', '2205', '18', null, '2020-11-05 14:48:26', '2020-11-05 15:30:45');
INSERT INTO `cash_flow_statistics` VALUES ('8', '2', '2017', '1', '16358538247', '11121283724', '5237254523', '7256', '1482', '2', null, '2020-11-05 15:43:48', null);
INSERT INTO `cash_flow_statistics` VALUES ('9', '2', '2018', '1', '26940791542', '862910396', '26077881146', '6815', '1424', '2', null, '2020-11-05 15:47:25', null);
INSERT INTO `cash_flow_statistics` VALUES ('10', '2', '2019', '1', '27893714093', '13159380388', '14734333705', '8397', '1690', '3', null, '2020-11-05 15:50:10', null);
INSERT INTO `cash_flow_statistics` VALUES ('11', '2', '2020', '3', '-4517675737', '7889510618', '-12407186355', '8015', '-5087', '-10', null, '2020-11-05 17:10:48', '2020-11-05 17:22:15');
INSERT INTO `cash_flow_statistics` VALUES ('12', '2', '2020', '2', '3032000101', '8142036369', '-5110036268', '17444', '11304', '19', null, '2020-11-05 17:16:37', null);
INSERT INTO `cash_flow_statistics` VALUES ('13', '14', '2015', '1', '3207366712', '927515168', '2279851544', '10173', '2840', '1', null, '2020-11-12 22:43:55', null);
INSERT INTO `cash_flow_statistics` VALUES ('14', '14', '2016', '1', '2574784693', '1161569925', '1413214768', '10083', '10034', '0', null, '2020-11-12 22:45:45', null);
INSERT INTO `cash_flow_statistics` VALUES ('15', '14', '2017', '1', '4114021179', '1126296275', '2987724904', '10171', '0', '0', null, '2020-11-12 22:47:26', null);
INSERT INTO `cash_flow_statistics` VALUES ('16', '14', '2018', '1', '4467517029', '1263489056', '3204027973', '10191', '7990', '0', null, '2020-11-12 22:49:17', null);
INSERT INTO `cash_flow_statistics` VALUES ('17', '14', '2019', '1', '4885045782', '1481095483', '3403950299', '10153', '4713', '2', null, '2020-11-12 22:50:47', null);
INSERT INTO `cash_flow_statistics` VALUES ('18', '16', '2015', '1', '522168231', '105344542', '416823689', '9890', '4995', '2', null, '2020-11-13 20:53:26', null);
INSERT INTO `cash_flow_statistics` VALUES ('19', '16', '2016', '1', '675098166', '312058591', '363039575', '9875', '4660', '8', null, '2020-11-13 20:58:26', null);
INSERT INTO `cash_flow_statistics` VALUES ('20', '16', '2017', '1', '1330404512', '220224155', '1110180357', '9698', '4552', '19', null, '2020-11-13 21:00:32', null);
INSERT INTO `cash_flow_statistics` VALUES ('21', '16', '2018', '1', '1399870398', '576413556', '823456842', '9563', '5791', '15', null, '2020-11-13 21:02:29', null);
INSERT INTO `cash_flow_statistics` VALUES ('22', '16', '2019', '1', '2078432734', '591027441', '1487405293', '9840', '3587', '29', null, '2020-11-13 21:04:01', null);
INSERT INTO `cash_flow_statistics` VALUES ('23', '16', '2020', '2', '2553014848', '582242984', '1970771864', '9865', '1844', '17', null, '2020-11-13 21:09:28', null);
INSERT INTO `cash_flow_statistics` VALUES ('24', '4', '2015', '1', '678463202', '179039674', '499423528', '8498', '4599', '23', null, '2020-11-16 08:43:38', null);
INSERT INTO `cash_flow_statistics` VALUES ('25', '4', '2016', '1', '868035575', '173321396', '694714179', '9534', '3371', '27', null, '2020-11-16 08:45:42', null);
INSERT INTO `cash_flow_statistics` VALUES ('26', '4', '2017', '1', '756167910', '173428018', '582739892', '9030', '6607', '315', null, '2020-11-16 08:47:20', null);
INSERT INTO `cash_flow_statistics` VALUES ('27', '4', '2018', '1', '994965223', '313393708', '681571515', '10672', '3830', '136', null, '2020-11-16 08:48:53', null);
INSERT INTO `cash_flow_statistics` VALUES ('28', '4', '2019', '1', '1003308819', '387810593', '615498226', '9927', '3070', '62', null, '2020-11-16 08:50:29', null);
INSERT INTO `cash_flow_statistics` VALUES ('29', '4', '2020', '2', '829997268', '298212846', '531784422', '10321', '1804', '76', null, '2020-11-16 08:52:04', null);
INSERT INTO `cash_flow_statistics` VALUES ('30', '22', '2015', '1', '6663680638', '3022043257', '3641637381', '10195', '10846', '680', null, '2020-11-16 20:45:52', null);
INSERT INTO `cash_flow_statistics` VALUES ('31', '22', '2016', '1', '1519532177', '4090940341', '-2571408164', '9909', '35877', '2723', null, '2020-11-16 20:47:59', null);
INSERT INTO `cash_flow_statistics` VALUES ('32', '22', '2017', '1', '7092039383', '2359255683', '4732783700', '10088', '15716', '102', null, '2020-11-16 20:50:27', '2020-11-16 20:54:31');
INSERT INTO `cash_flow_statistics` VALUES ('33', '22', '2018', '1', '8130775621', '3881787195', '4248988426', '10007', '24460', '279', null, '2020-11-16 20:53:51', null);
INSERT INTO `cash_flow_statistics` VALUES ('34', '22', '2019', '1', '21202371528', '5395634518', '15806737010', '10032', '5227', '97', null, '2020-11-16 20:56:33', null);
INSERT INTO `cash_flow_statistics` VALUES ('35', '21', '2018', '1', '2013393334', '1712910482', '300482852', '10070', '12843', '2121', null, '2020-11-17 19:23:26', '2020-11-17 19:27:54');
INSERT INTO `cash_flow_statistics` VALUES ('36', '21', '2019', '1', '3319984464', '1711271754', '1608712710', '10112', '5785', '956', null, '2020-11-17 19:25:44', null);
INSERT INTO `cash_flow_statistics` VALUES ('37', '21', '2020', '2', '1006795914', '1234393657', '-227597743', '9985', '10802', '0', null, '2020-11-17 19:27:25', null);
INSERT INTO `cash_flow_statistics` VALUES ('38', '34', '2015', '1', '9908174057', '4881798029', '5026376028', '12686', '5215', '141', null, '2020-11-18 15:28:41', null);
INSERT INTO `cash_flow_statistics` VALUES ('39', '34', '2016', '1', '13196752191', '3564634832', '9632117359', '12405', '3775', '121', null, '2020-11-18 15:31:19', null);
INSERT INTO `cash_flow_statistics` VALUES ('40', '34', '2017', '1', '17363026840', '3477393713', '13885633127', '12303', '2106', '60', null, '2020-11-18 15:33:11', null);
INSERT INTO `cash_flow_statistics` VALUES ('41', '34', '2018', '1', '36058966899', '7283966131', '28775000768', '12755', '1317', '14', null, '2020-11-18 15:35:08', null);
INSERT INTO `cash_flow_statistics` VALUES ('42', '34', '2019', '1', '40738204985', '9674862299', '31063342686', '12485', '2178', '55', null, '2020-11-18 15:39:43', null);
INSERT INTO `cash_flow_statistics` VALUES ('43', '34', '2020', '2', '23511398653', '11118742486', '12392656167', '11600', '2454', '260', null, '2020-11-18 15:41:33', null);
INSERT INTO `cash_flow_statistics` VALUES ('44', '36', '2015', '1', '10493385445', '1574606575', '8918778870', '10402', '17732', '25', null, '2020-11-18 18:37:49', null);
INSERT INTO `cash_flow_statistics` VALUES ('45', '36', '2016', '1', '10073287120', '2273801245', '7799485875', '9994', '30479', '213', null, '2020-11-18 18:39:11', null);
INSERT INTO `cash_flow_statistics` VALUES ('46', '36', '2017', '1', '26266986015', '3860122769', '22406863246', '10976', '18176', '3', null, '2020-11-18 18:41:21', null);
INSERT INTO `cash_flow_statistics` VALUES ('47', '36', '2018', '1', '25684047196', '5806323938', '19877723258', '10873', '21227', '38', null, '2020-11-18 18:42:55', null);
INSERT INTO `cash_flow_statistics` VALUES ('48', '36', '2019', '1', '26083079194', '6746163635', '19336915559', '11368', '18946', '8', null, '2020-11-18 18:44:20', null);
INSERT INTO `cash_flow_statistics` VALUES ('49', '40', '2015', '1', '566938085', '83130000', '483808085', '10054', '1915', '43', null, '2020-11-19 21:48:38', null);
INSERT INTO `cash_flow_statistics` VALUES ('50', '40', '2016', '1', '568841496', '220050000', '348791496', '9830', '2324', '39', null, '2020-11-19 21:50:16', null);
INSERT INTO `cash_flow_statistics` VALUES ('51', '40', '2017', '1', '683323197', '746526210', '-63203013', '9854', '3102', '37', null, '2020-11-19 21:52:27', null);
INSERT INTO `cash_flow_statistics` VALUES ('52', '40', '2018', '1', '664859636', '853435583', '-188575947', '9471', '2382', '47', null, '2020-11-19 21:55:24', null);
INSERT INTO `cash_flow_statistics` VALUES ('53', '40', '2019', '1', '789281735', '1450264754', '-660983019', '11299', '2718', '63', null, '2020-11-19 21:57:55', '2020-11-19 22:05:53');
INSERT INTO `cash_flow_statistics` VALUES ('54', '41', '2015', '1', '86246226820', '7970266878', '78275959942', '8763', '497', '0', null, '2020-11-20 16:55:10', null);
INSERT INTO `cash_flow_statistics` VALUES ('55', '41', '2016', '1', '-49392291188', '10832718172', '-60225009360', '9706', '-121', '0', null, '2020-11-20 16:57:16', null);
INSERT INTO `cash_flow_statistics` VALUES ('56', '41', '2017', '1', '-104193054144', '8494473344', '-112687527488', '8327', '-43', '0', null, '2020-11-20 16:59:20', null);
INSERT INTO `cash_flow_statistics` VALUES ('57', '41', '2018', '1', '57653504626', '11740465994', '45913038632', '8061', '80', '0', null, '2020-11-20 17:01:02', '2020-11-20 17:10:12');
INSERT INTO `cash_flow_statistics` VALUES ('58', '41', '2019', '1', '21976368919', '10321723539', '11654645380', '7242', '174', '36', null, '2020-11-20 17:03:09', '2020-11-20 17:09:19');
INSERT INTO `cash_flow_statistics` VALUES ('59', '41', '2020', '2', '62345194468', '12305704135', '50039490333', '8234', '40', '0', null, '2020-11-20 17:05:28', null);
INSERT INTO `cash_flow_statistics` VALUES ('60', '42', '2017', '1', '-45789270260', '3381921679', '-49171191939', '13152', '-56', '0', null, '2020-11-20 18:23:01', '2020-11-20 18:39:52');
INSERT INTO `cash_flow_statistics` VALUES ('61', '42', '2018', '1', '4503221451', '4738767981', '-235546530', '14317', '384', '0', null, '2020-11-20 18:23:07', '2020-11-20 18:39:48');
INSERT INTO `cash_flow_statistics` VALUES ('62', '42', '2019', '1', '36690821003', '4653826254', '32036994749', '12140', '79', '0', null, '2020-11-20 18:25:32', null);
INSERT INTO `cash_flow_statistics` VALUES ('63', '42', '2020', '2', '-18002712133', '5061218027', '-23063930160', '10132', '-79', '0', null, '2020-11-20 18:31:55', null);
INSERT INTO `cash_flow_statistics` VALUES ('64', '45', '2015', '1', '14820398504', '5116180381', '9704218123', '11536', '565', '0', null, '2020-11-20 20:30:19', null);
INSERT INTO `cash_flow_statistics` VALUES ('65', '45', '2016', '1', '-15355728805', '7618745443', '-22974474248', '11640', '-391', '0', null, '2020-11-20 20:32:47', null);
INSERT INTO `cash_flow_statistics` VALUES ('66', '45', '2017', '1', '-35992259953', '7245905555', '-43238165508', '9751', '-105', '0', null, '2020-11-20 20:35:08', null);
INSERT INTO `cash_flow_statistics` VALUES ('67', '45', '2018', '1', '21990785392', '7157009351', '14833776041', '12646', '5191', '0', null, '2020-11-20 20:38:24', null);
INSERT INTO `cash_flow_statistics` VALUES ('68', '45', '2019', '1', '20440490712', '6112451842', '14328038870', '8831', '531', '0', null, '2020-11-20 20:42:14', '2020-11-20 20:47:24');
INSERT INTO `cash_flow_statistics` VALUES ('69', '45', '2020', '2', '6926963568', '5369283448', '1557680120', '8626', '771', '0', null, '2020-11-20 20:45:08', null);
INSERT INTO `cash_flow_statistics` VALUES ('70', '52', '2017', '1', '2132909508', '1147620000', '985289508', '12328', '294', '2', null, '2020-11-22 15:03:27', null);
INSERT INTO `cash_flow_statistics` VALUES ('71', '52', '2018', '1', '2063627454', '1398884473', '664742981', '10852', '629', '2', null, '2020-11-22 15:05:58', null);
INSERT INTO `cash_flow_statistics` VALUES ('72', '52', '2019', '1', '1671449718', '2259810000', '-588360282', '10007', '1191', '13', null, '2020-11-22 15:07:59', null);
INSERT INTO `cash_flow_statistics` VALUES ('73', '52', '2020', '2', '-518060841', '2109156000', '-2627216841', '6326', '-4558', '-37', null, '2020-11-22 15:11:37', null);

-- ----------------------------
-- Table structure for combine_cash_flow
-- ----------------------------
DROP TABLE IF EXISTS `combine_cash_flow`;
CREATE TABLE `combine_cash_flow` (
  `id` int(11) NOT NULL AUTO_INCREMENT,
  `company_id` int(11) NOT NULL COMMENT '公司详情表主键',
  `year` int(4) NOT NULL COMMENT '年份',
  `report_type` int(1) NOT NULL DEFAULT '1' COMMENT '1-年报 2-第三季度报 3-半年报 4-第一季度报',
  `business_to_profit` bigint(20) NOT NULL COMMENT '经营活动产生的现金流量净额',
  `investment_to_profit` bigint(20) NOT NULL COMMENT '投资活动产生的现金流量净额',
  `financing_to_profite` bigint(20) NOT NULL COMMENT '筹资活动产生的现金流量净额',
  `sale_to_cash` bigint(20) NOT NULL COMMENT '销售商品提供劳务收到的现金(含增值税)',
  `salary` bigint(20) NOT NULL COMMENT '支付给职工以及为职工支付的现金',
  `investment_inside_out` bigint(20) NOT NULL DEFAULT '0' COMMENT '购建固定资产、无形资产和其他长期资产支付的现金',
  `investment_inside_in` bigint(20) NOT NULL DEFAULT '0' COMMENT '处置固定资产、无形资产和其他长期资产收回的现金净额',
  `investment_outside_sub_out` bigint(20) NOT NULL DEFAULT '0' COMMENT '收购或投资子公司，对外扩大经营',
  `investment_outside_money_out` bigint(20) NOT NULL DEFAULT '0' COMMENT '投资支付的现金',
  `cash_and_cash_equivalents_add` bigint(20) NOT NULL COMMENT '现金及现金等价物净增加额',
  `cash_and_cash_equivalents_begin` bigint(20) NOT NULL COMMENT '期初现金及现金等价物余额',
  `cash_and_cash_equivalents_end` bigint(20) NOT NULL COMMENT '期末现金及现金等价物余额',
  `bonus_cash` bigint(20) NOT NULL DEFAULT '0' COMMENT '分红',
  `staff_total` bigint(20) NOT NULL DEFAULT '0' COMMENT '员工总数',
  `pe_min` decimal(8,2) NOT NULL DEFAULT '0.00' COMMENT 'PE最小值',
  `pe_max` decimal(8,2) NOT NULL DEFAULT '0.00' COMMENT 'PE最大值',
  `remark` varchar(100) DEFAULT NULL COMMENT '备注',
  `create_time` datetime NOT NULL COMMENT '创建时间',
  `update_time` datetime DEFAULT NULL COMMENT '更新时间',
  PRIMARY KEY (`id`),
  UNIQUE KEY `idx_0` (`company_id`,`year`,`report_type`)
) ENGINE=InnoDB AUTO_INCREMENT=80 DEFAULT CHARSET=utf8mb4 COMMENT='合并现金流量表';

-- ----------------------------
-- Records of combine_cash_flow
-- ----------------------------
INSERT INTO `combine_cash_flow` VALUES ('2', '1', '2019', '1', '14741007000', '-20881446000', '6610345000', '107166119000', '20316157000', '20627160000', '413119000', '0', '1088939000', '523240000', '11151057000', '11674297000', '4388702000', '229154', '0.00', '0.00', '', '2020-11-04 13:02:17', '2020-11-27 19:46:47');
INSERT INTO `combine_cash_flow` VALUES ('3', '1', '2018', '1', '12522909000', '-14230760000', '3916511000', '103812991000', '18824518000', '17842390000', '459784000', '26872000', '829313000', '11151057000', '8935954000', '11151057000', '4120193000', '220152', '0.00', '0.00', '', '2020-11-04 13:06:33', '2020-11-27 19:48:29');
INSERT INTO `combine_cash_flow` VALUES ('4', '1', '2017', '1', '6367887000', '-15964084000', '11167824000', '94340585000', '15482853000', '14776561000', '213815000', '0', '1606622000', '1577360000', '7358594000', '8935954000', '26691182000', '200949', '0.00', '0.00', '', '2020-11-04 13:14:08', '2020-11-27 19:49:25');
INSERT INTO `combine_cash_flow` VALUES ('5', '1', '2016', '1', '-1845571000', '-13442642000', '16270217000', '87581417000', '14065652000', '13053450000', '196641000', '0', '926905000', '1079063000', '6279531000', '7358594000', '3208633000', '193842', '0.00', '0.00', '', '2020-11-04 13:14:35', '2020-11-27 19:49:50');
INSERT INTO `combine_cash_flow` VALUES ('6', '1', '2015', '1', '3842094000', '-10606440000', '8749785000', '80908941000', '12586188000', '12290161000', '1808561000', '0', '1070592000', '2190065000', '4089466000', '6279531000', '1762667000', '0', '70.00', '350.00', '', '2020-11-04 13:19:09', '2020-11-27 20:48:57');
INSERT INTO `combine_cash_flow` VALUES ('7', '2', '2015', '1', '44378381827', '-4713154864', '-7683022005', '110918320884', '5590514442', '2884513074', '1228803', '0', '2832663335', '33858545732', '43506471113', '77365016845', '9525010447', '0', '0.00', '0.00', '', '2020-11-05 14:22:07', '2020-11-05 15:30:39');
INSERT INTO `combine_cash_flow` VALUES ('12', '2', '2016', '1', '14859952106', '-19246552694', '-5751560185', '69896621293', '5657046182', '3276936026', '27196374', '0', '1496403698', '-6043656822', '77365016845', '71321360022', '9180067571', '0', '0.00', '0.00', '', '2020-11-05 14:48:26', '2020-11-05 15:30:45');
INSERT INTO `combine_cash_flow` VALUES ('13', '2', '2017', '1', '16358538247', '-62253457968', '-2269341168', '107599120105', '7684869151', '2424806990', '3549493', '0', '12419732249', '-49962288325', '71321360022', '21359071697', '11121283724', '0', '0.00', '0.00', '', '2020-11-05 15:43:48', null);
INSERT INTO `combine_cash_flow` VALUES ('14', '2', '2018', '1', '26940791542', '-21845765275', '2513846482', '135029126382', '8575412582', '3837549166', '6302072', '0', '15477712506', '7412504600', '21359616223', '28772120824', '862910396', '0', '0.00', '0.00', '', '2020-11-05 15:47:25', null);
INSERT INTO `combine_cash_flow` VALUES ('15', '2', '2019', '1', '27893714093', '-11275048600', '-19221976120', '166387697953', '8831213736', '4713187965', '9614513', '0', '7192756039', '-2399549002', '28772120824', '26372571821', '13159380388', '0', '0.00', '0.00', '', '2020-11-05 15:50:10', null);
INSERT INTO `combine_cash_flow` VALUES ('16', '2', '2020', '3', '-4517675737', '7789731713', '-6221151384', '55709211097', '4223083761', '2297960481', '4621711', '0', '3241418162', '-2944940392', '26372571821', '23427631429', '7889510618', '0', '0.00', '0.00', '', '2020-11-05 17:10:48', '2020-11-05 17:22:08');
INSERT INTO `combine_cash_flow` VALUES ('17', '2', '2020', '2', '3032000101', '13046924740', '-16470465636', '98362600415', '0', '3427311410', '5803632', '346312249', '3511418162', '-711134818', '26372571821', '25661437003', '8142036369', '0', '0.00', '0.00', '', '2020-11-05 17:16:37', null);
INSERT INTO `combine_cash_flow` VALUES ('18', '14', '2015', '1', '3207366712', '-826265054', '-927515168', '6394395237', '1283745802', '910957184', '192287', '0', '502400000', '1453663750', '8959897975', '10413561725', '927515168', '0', '0.00', '0.00', '', '2020-11-12 22:43:55', null);
INSERT INTO `combine_cash_flow` VALUES ('19', '14', '2016', '1', '2574784693', '-1860578959', '-1161569925', '7009478942', '1516085573', '2583519353', '12120', '0', '0', '-447270804', '10413561725', '9966290920', '1161569925', '0', '0.00', '0.00', '', '2020-11-12 22:45:45', null);
INSERT INTO `combine_cash_flow` VALUES ('20', '14', '2017', '1', '4114021179', '-1689966080', '-3626296275', '8199937805', '1470724624', '131119', '131119', '0', '120000000', '-1202323634', '9966290920', '8763967286', '1126296275', '0', '0.00', '0.00', '', '2020-11-12 22:47:26', null);
INSERT INTO `combine_cash_flow` VALUES ('21', '14', '2018', '1', '4467517029', '-3202548592', '-1263489056', '9491124913', '1572892541', '3569519534', '45129', '0', '566774384', '1546772', '8763967286', '8765514059', '1263489056', '0', '0.00', '0.00', '', '2020-11-12 22:49:17', null);
INSERT INTO `combine_cash_flow` VALUES ('22', '14', '2019', '1', '4885045782', '-1809685855', '-1481095483', '11112129346', '1945359641', '2302126352', '1041727', '0', '60000000', '1594283625', '8765514059', '10359797684', '1481095483', '0', '0.00', '0.00', '', '2020-11-12 22:50:47', null);
INSERT INTO `combine_cash_flow` VALUES ('23', '16', '2015', '1', '522168231', '-654278606', '66522415', '3130806830', '788225342', '260802226', '95797', '209990133', '755801250', '-65587960', '720401743', '654813783', '105344542', '0', '0.00', '0.00', '', '2020-11-13 20:53:26', null);
INSERT INTO `combine_cash_flow` VALUES ('24', '16', '2016', '1', '675098166', '-743220916', '122221656', '3950452544', '1053530990', '314582272', '571208', '0', '826898722', '55128837', '654813783', '709942621', '312058591', '0', '0.00', '0.00', '', '2020-11-13 20:58:26', null);
INSERT INTO `combine_cash_flow` VALUES ('25', '16', '2017', '1', '1330404512', '-2704001888', '2972258499', '5782962939', '1488348183', '605551230', '2593675', '1833754429', '315836638', '1590484262', '710360269', '2300844531', '220224155', '0', '0.00', '0.00', '', '2020-11-13 21:00:32', null);
INSERT INTO `combine_cash_flow` VALUES ('26', '16', '2018', '1', '1399870398', '-1804607605', '-802763157', '7658643284', '2043696299', '810686873', '2069898', '398585154', '1108216469', '-1204888786', '2300844531', '1095955744', '576413556', '0', '0.00', '0.00', '', '2020-11-13 21:02:29', null);
INSERT INTO `combine_cash_flow` VALUES ('27', '16', '2019', '1', '2078432734', '-1759097828', '164410165', '9829858251', '2569713408', '745625809', '5941587', '956996805', '1464134032', '487877942', '1095955744', '1583833687', '591027441', '0', '0.00', '0.00', '', '2020-11-13 21:04:01', null);
INSERT INTO `combine_cash_flow` VALUES ('28', '16', '2020', '2', '2553014848', '-296020840', '-164484906', '8449587190', '2079691911', '470664521', '4281365', '0', '694290625', '2093301948', '1583833687', '3677135636', '582242984', '0', '0.00', '0.00', '', '2020-11-13 21:09:28', null);
INSERT INTO `combine_cash_flow` VALUES ('29', '4', '2015', '1', '678463202', '-323103217', '-445039674', '2573044655', '544325374', '312047604', '1583364', '0', '0', '-88470380', '915703983', '827233603', '179039674', '0', '0.00', '0.00', '', '2020-11-16 08:43:37', null);
INSERT INTO `combine_cash_flow` VALUES ('30', '4', '2016', '1', '868035575', '-519531527', '-488301396', '3041873146', '559023812', '292624815', '2347271', '0', '0', '-138357925', '827233603', '688875677', '173321396', '0', '0.00', '0.00', '', '2020-11-16 08:45:42', null);
INSERT INTO `combine_cash_flow` VALUES ('31', '4', '2017', '1', '756167910', '-715849037', '-105428018', '3156824021', '630960182', '499586743', '23816856', '0', '0', '-68412530', '688875677', '620463147', '173428018', '0', '0.00', '0.00', '', '2020-11-16 08:47:20', null);
INSERT INTO `combine_cash_flow` VALUES ('32', '4', '2018', '1', '994965223', '-172682665', '-291998147', '8040324482', '810160780', '381094298', '13519543', '0', '0', '534022197', '688851322', '1222873519', '313393708', '0', '0.00', '0.00', '', '2020-11-16 08:48:53', null);
INSERT INTO `combine_cash_flow` VALUES ('33', '4', '2019', '1', '1003308819', '-269790841', '-407111323', '6645612935', '859411179', '308008950', '6257638', '0', '3400000', '326847467', '1222873519', '1549720987', '387810593', '0', '0.00', '0.00', '', '2020-11-16 08:50:29', null);
INSERT INTO `combine_cash_flow` VALUES ('34', '4', '2020', '2', '829997268', '-16728213', '-569290366', '3798420613', '540310043', '149753865', '6267008', '0', '0', '243887993', '1549720987', '1793608981', '298212846', '0', '0.00', '0.00', '', '2020-11-16 08:52:04', null);
INSERT INTO `combine_cash_flow` VALUES ('35', '22', '2015', '1', '6663680638', '-6949266943', '-7458456287', '58608348945', '6581210614', '7227466837', '453027015', '0', '3325506079', '-7014989866', '39705524258', '32690534391', '3022043257', '0', '0.00', '0.00', '', '2020-11-16 20:45:52', null);
INSERT INTO `combine_cash_flow` VALUES ('36', '22', '2016', '1', '1519532177', '4986406299', '-9497916872', '70515850884', '6225832428', '5451656976', '413776460', '0', '1675532622', '-1708571491', '33897143503', '32188572012', '4090940341', '0', '0.00', '0.00', '', '2020-11-16 20:47:59', null);
INSERT INTO `combine_cash_flow` VALUES ('37', '22', '2017', '1', '7092039383', '-15233053673', '2796965899', '91262907054', '6615706816', '11145984486', '72361717', '2039458617', '3361699540', '-6450046311', '32188572012', '25738525700', '2359255683', '0', '0.00', '0.00', '取得借款收到的现金21,562,373,908.48', '2020-11-16 20:50:27', '2020-11-16 20:54:31');
INSERT INTO `combine_cash_flow` VALUES ('38', '22', '2018', '1', '8130775621', '-39343547844', '37566702372', '120910179491', '8656488534', '19887519140', '226690751', '21033989002', '1241782311', '7099203346', '25738525700', '32837729046', '3881787195', '0', '0.00', '0.00', '', '2020-11-16 20:53:51', null);
INSERT INTO `combine_cash_flow` VALUES ('39', '22', '2019', '1', '21202371528', '4397490229', '-9537864510', '151545335786', '151545335786', '11082748906', '205989354', '98409138', '1616386814', '16927071059', '32837729046', '49764800106', '5395634518', '0', '0.00', '0.00', '', '2020-11-16 20:56:33', null);
INSERT INTO `combine_cash_flow` VALUES ('40', '21', '2018', '1', '2013393334', '4875518151', '-1295120599', '77853673615', '5889290589', '2585734016', '427044815', '417241754', '177597055', '5608442747', '9709382226', '15317824974', '1712910482', '0', '0.00', '0.00', '', '2020-11-17 19:23:26', '2020-11-17 19:27:54');
INSERT INTO `combine_cash_flow` VALUES ('41', '21', '2019', '1', '3319984464', '-2054878422', '-6334982235', '78516814392', '5565616507', '1920703135', '317335902', '187883512', '2461566411', '-4930525194', '15317824974', '10387299779', '1711271754', '0', '0.00', '0.00', '', '2020-11-17 19:25:44', null);
INSERT INTO `combine_cash_flow` VALUES ('42', '21', '2020', '2', '1006795914', '-236129222', '-1389393932', '62199526483', '4070943711', '1087549693', '0', '521941024', '11500000', '-644359673', '10387299779', '9742940106', '1234393657', '0', '0.00', '0.00', '', '2020-11-17 19:27:25', null);
INSERT INTO `combine_cash_flow` VALUES ('43', '34', '2015', '1', '9908174057', '-12719266733', '-5395324471', '64665931474', '3989480762', '5167383546', '139530553', '3564426595', '22396072886', '-8227087135', '12512121499', '4285034364', '4881798029', '0', '0.00', '0.00', ',', '2020-11-18 15:28:41', null);
INSERT INTO `combine_cash_flow` VALUES ('44', '34', '2016', '1', '13196752191', '-4552247185', '-7150950150', '69383366196', '4147175684', '4981495348', '159365829', '1328469248', '15000000000', '1514532332', '4285034364', '5799566696', '3564634832', '0', '0.00', '0.00', ',', '2020-11-18 15:31:19', null);
INSERT INTO `combine_cash_flow` VALUES ('45', '34', '2017', '1', '17363026840', '-5202647658', '-7499607526', '92658574157', '4700412194', '3656135224', '104057209', '489783316', '44900000000', '4629365210', '5799566696', '10428931906', '3477393713', '0', '0.00', '0.00', ',', '2020-11-18 15:33:11', null);
INSERT INTO `combine_cash_flow` VALUES ('46', '34', '2018', '1', '36058966899', '-25669697047', '-10980002182', '163783595965', '5933138965', '4748521753', '50222531', '591295245', '48548596980', '-571260123', '10428931906', '9857671783', '7283966131', '0', '0.00', '0.00', ',', '2020-11-18 15:35:08', null);
INSERT INTO `combine_cash_flow` VALUES ('47', '34', '2019', '1', '40738204985', '-20688847530', '-791189515', '196051253945', '7213615240', '8874118891', '223260450', '153131057', '71003257497', '12156473004', '9857671783', '22014144787', '9674862299', '0', '0.00', '0.00', ',', '2020-11-18 15:39:43', null);
INSERT INTO `combine_cash_flow` VALUES ('48', '34', '2020', '2', '23511398653', '-19784132828', '-9970056944', '143816633662', '5658963864', '5769435153', '610525393', '492513488', '54363272000', '-6291699401', '22014144787', '15722445386', '11118742486', '0', '0.00', '0.00', ',', '2020-11-18 15:41:33', null);
INSERT INTO `combine_cash_flow` VALUES ('49', '36', '2015', '1', '10493385445', '-19594403890', '8128927400', '50577270660', '5127957029', '18607146447', '25777766', '404844397', '14339727658', '-321968943', '36504707160', '36182738217', '1574606575', '0', '0.00', '0.00', '', '2020-11-18 18:37:49', null);
INSERT INTO `combine_cash_flow` VALUES ('50', '36', '2016', '1', '10073287120', '-24494931160', '26141092801', '68853018038', '6063846083', '30702614717', '214137335', '0', '30702614717', '13172072171', '36182738217', '49354810388', '2273801245', '0', '0.00', '0.00', '', '2020-11-18 18:39:11', null);
INSERT INTO `combine_cash_flow` VALUES ('51', '36', '2017', '1', '26266986015', '-59062025777', '32925372189', '102954356249', '8015171249', '47741900710', '6906760', '0', '44667993985', '-1441522805', '49354810388', '47913287583', '3860122769', '0', '0.00', '0.00', '', '2020-11-18 18:41:21', null);
INSERT INTO `combine_cash_flow` VALUES ('52', '36', '2018', '1', '25684047196', '-47063535358', '15566570390', '105589411120', '9162421738', '54520544965', '98644621', '0', '60819720633', '-4562591063', '47913287583', '43350696520', '5806323938', '0', '0.00', '0.00', '', '2020-11-18 18:42:55', null);
INSERT INTO `combine_cash_flow` VALUES ('53', '36', '2019', '1', '26083079194', '-33949914820', '27778645330', '131939100428', '11274232340', '49415897698', '19822394', '0', '33949914820', '-6919625053', '43350696520', '50270321573', '6746163635', '0', '0.00', '0.00', '', '2020-11-18 18:44:20', null);
INSERT INTO `combine_cash_flow` VALUES ('54', '40', '2015', '1', '566938085', '-99131738', '-49503421', '2944332961', '561186821', '108583944', '2410669', '0', '0', '463097502', '2569219627', '3032317129', '83130000', '0', '0.00', '0.00', ',', '2020-11-19 21:48:38', null);
INSERT INTO `combine_cash_flow` VALUES ('55', '40', '2016', '1', '568841496', '-202859279', '-97646527', '2884488598', '562117793', '132220656', '2225881', '0', '74278299', '369601985', '3032317129', '3401919115', '220050000', '0', '0.00', '0.00', ',', '2020-11-19 21:50:16', null);
INSERT INTO `combine_cash_flow` VALUES ('56', '40', '2017', '1', '683323197', '-674028912', '-706099881', '3237721139', '504422426', '211947927', '2508134', '0', '468116435', '-799298152', '3401919115', '2602620963', '746526210', '0', '0.00', '0.00', ',', '2020-11-19 21:52:27', null);
INSERT INTO `combine_cash_flow` VALUES ('57', '40', '2018', '1', '664859636', '-563665368', '-849114971', '3152591310', '537706614', '158400933', '3157621', '0', '2663368865', '-765797914', '2602620963', '1836823048', '853435583', '0', '0.00', '0.00', ',', '2020-11-19 21:55:24', null);
INSERT INTO `combine_cash_flow` VALUES ('58', '40', '2019', '1', '789281735', '337769655', '-1431342604', '3304973492', '522457460', '214521388', '4989064', '0', '1600000000', '-296700335', '1836823048', '1540122713', '1450264754', '0', '0.00', '0.00', ',,,', '2020-11-19 21:57:55', '2020-11-19 22:05:53');
INSERT INTO `combine_cash_flow` VALUES ('59', '41', '2015', '1', '86246226820', '-37910255626', '27309156894', '49084584077', '10042481764', '4287587265', '0', '275787170', '37819341559', '76815453681', '132409198995', '209224652677', '7970266878', '0', '0.00', '0.00', '销售商品提供劳务收到的现金->收取利息、手续费及佣金的现金', '2020-11-20 16:55:10', null);
INSERT INTO `combine_cash_flow` VALUES ('60', '41', '2016', '1', '-49392291188', '9937655066', '-7998537553', '36886438426', '11288806092', '597263826', '0', '0', '346470711', '-46117519394', '209224652677', '163107133282', '10832718172', '0', '0.00', '0.00', '', '2020-11-20 16:57:16', null);
INSERT INTO `combine_cash_flow` VALUES ('61', '41', '2017', '1', '-104193054144', '28272722360', '37485182828', '36049138145', '7399675447', '443007981', '0', '373656889', '1292548362', '-39781841371', '163107133282', '123325291911', '8494473344', '0', '0.00', '0.00', '', '2020-11-20 16:59:20', null);
INSERT INTO `combine_cash_flow` VALUES ('62', '41', '2018', '1', '57653504626', '-20794663861', '-21751289456', '30004980004', '10156676420', '458560689', '0', '97391043', '20655181864', '1563432156', '123325291911', '139996275376', '11740465994', '0', '0.00', '0.00', '', '2020-11-20 17:01:02', '2020-11-20 17:10:12');
INSERT INTO `combine_cash_flow` VALUES ('63', '41', '2019', '1', '21976368919', '16247526143', '-158780847', '31243412368', '9754885247', '382166666', '78522543', '0', '382166666', '37826591725', '139996275376', '177822867101', '10321723539', '0', '0.00', '0.00', '', '2020-11-20 17:03:09', '2020-11-20 17:09:19');
INSERT INTO `combine_cash_flow` VALUES ('64', '41', '2020', '2', '62345194468', '-5177491036', '14140592029', '34576892672', '9541748607', '247004242', '0', '13725375797', '20959489958', '70668957420', '177822867101', '248491824522', '12305704135', '0', '0.00', '0.00', '', '2020-11-20 17:05:28', null);
INSERT INTO `combine_cash_flow` VALUES ('66', '42', '2017', '1', '-45789270260', '-3969496683', '28351834669', '14865549049', '4267184962', '258232328', '0', '0', '3842878146', '-21585808462', '72510622486', '50924814023', '3381921679', '0', '0.00', '0.00', '销售商品提供劳务收到的现金->收取利息、手续费及佣金的现金', '2020-11-20 18:23:01', '2020-11-20 18:39:52');
INSERT INTO `combine_cash_flow` VALUES ('67', '42', '2018', '1', '4503221451', '-151673809', '-4843037425', '15615906662', '4166237762', '172865021', '0', '0', '236349971', '-399041790', '50924814023', '50525772232', '4738767981', '0', '0.00', '0.00', '', '2020-11-20 18:23:07', '2020-11-20 18:39:48');
INSERT INTO `combine_cash_flow` VALUES ('68', '42', '2019', '1', '36690821003', '-2943449507', '15281975729', '16623084970', '4316463723', '290266264', '0', '0', '2868984593', '49092958761', '50525772232', '99618730994', '4653826254', '0', '0.00', '0.00', '', '2020-11-20 18:25:32', null);
INSERT INTO `combine_cash_flow` VALUES ('69', '42', '2020', '2', '-18002712133', '-9795469555', '24497255464', '16069182410', '3717528317', '142470485', '0', '0', '142470485', '-3358620809', '99618730994', '96260110184', '5061218027', '0', '0.00', '0.00', '', '2020-11-20 18:31:55', null);
INSERT INTO `combine_cash_flow` VALUES ('70', '45', '2015', '1', '14820398504', '-21122339858', '53833088155', '30295810991', '30295810991', '837197235', '0', '0', '25679818448', '47950004898', '102590278912', '150540283811', '5116180381', '0', '0.00', '0.00', '', '2020-11-20 20:30:19', null);
INSERT INTO `combine_cash_flow` VALUES ('71', '45', '2016', '1', '-15355728805', '-4462651172', '-5009662653', '19691468546', '4433646743', '600368132', '0', '5221566884', '4838701837', '-24319735883', '150540283811', '126220547927', '7618745443', '0', '0.00', '0.00', '代理买卖证券支付的现金净额35,001,831,106.65导致经营为负数', '2020-11-20 20:32:47', null);
INSERT INTO `combine_cash_flow` VALUES ('72', '45', '2017', '1', '-35992259953', '-12267945808', '19089765649', '20583210372', '5590246935', '377634159', '0', '11425000', '12199857525', '-29538414953', '126220547927', '96682132974', '7245905555', '0', '0.00', '0.00', '代理买卖证券支付的现金净额25,393,292,375.18', '2020-11-20 20:35:08', null);
INSERT INTO `combine_cash_flow` VALUES ('73', '45', '2018', '1', '21990785392', '-10488209885', '-8708571197', '20370243691', '6425969491', '11415948701', '0', '166580201', '11415948701', '2946728457', '96682132974', '99628861431', '7157009351', '0', '0.00', '0.00', '偿还债务支付的现金75,557,800,000.00', '2020-11-20 20:38:24', null);
INSERT INTO `combine_cash_flow` VALUES ('74', '45', '2019', '1', '20440490712', '-3943473189', '150512847981', '21956299731', '6075556081', '1084940937', '0', '636553140', '0', '52441595424', '99628861431', '152070456856', '6112451842', '0', '0.00', '0.00', '发行债券证券收到的\r\n现金134,155,074,663.53偿还债务108,283,841,130.97', '2020-11-20 20:42:14', '2020-11-20 20:47:24');
INSERT INTO `combine_cash_flow` VALUES ('75', '45', '2020', '2', '6926963568', '-11862835252', '27189195483', '20992000286', '6408904996', '534331686', '0', '130049502', '13550915690', '21939225240', '152070456856', '174009682096', '5369283448', '0', '0.00', '0.00', '', '2020-11-20 20:45:08', null);
INSERT INTO `combine_cash_flow` VALUES ('76', '52', '2017', '1', '2132909508', '-1076943760', '-1147620000', '9542224281', '192490230', '62686489', '352122', '0', '47272537250', '-91654251', '649185847', '557531595', '1147620000', '0', '0.00', '0.00', '', '2020-11-22 15:03:27', null);
INSERT INTO `combine_cash_flow` VALUES ('77', '52', '2018', '1', '2063627454', '-612688781', '1567847527', '8837932002', '225492543', '129904715', '471646', '0', '27055700088', '3018786199', '557531595', '3576317795', '1398884473', '0', '0.00', '0.00', '', '2020-11-22 15:05:58', null);
INSERT INTO `combine_cash_flow` VALUES ('78', '52', '2019', '1', '1671449718', '-2507309976', '-2256870000', '7464204206', '255114372', '199006412', '2142034', '0', '21772763518', '-3092730257', '3576317795', '483587537', '2259810000', '0', '0.00', '0.00', '', '2020-11-22 15:07:59', null);
INSERT INTO `combine_cash_flow` VALUES ('79', '52', '2020', '2', '-518060841', '2290353800', '-2109156000', '1910134158', '157438540', '236129162', '1924599', '0', '13355097582', '-336863040', '483587537', '146724496', '2109156000', '0', '0.00', '0.00', '', '2020-11-22 15:11:37', null);

-- ----------------------------
-- Table structure for combine_profit
-- ----------------------------
DROP TABLE IF EXISTS `combine_profit`;
CREATE TABLE `combine_profit` (
  `id` int(11) NOT NULL AUTO_INCREMENT,
  `company_id` int(11) NOT NULL COMMENT '公司详情表主键',
  `year` int(4) NOT NULL COMMENT '年份',
  `report_type` int(1) NOT NULL DEFAULT '1' COMMENT '1-年报 2-第三季度报 3-半年报 4-第一季度报',
  `business_income` bigint(20) NOT NULL COMMENT '营业收入(不含增值税)',
  `business_costs` bigint(20) NOT NULL COMMENT '营业成本',
  `tax_revenue_total` bigint(20) NOT NULL DEFAULT '0' COMMENT '税金及附加',
  `selling_expenses` bigint(20) NOT NULL DEFAULT '0' COMMENT '销售费用',
  `manage_expenses` bigint(20) NOT NULL DEFAULT '0' COMMENT '管理费用',
  `financial_expenses` bigint(20) NOT NULL COMMENT '财务费用',
  `assets_impairment_loss` bigint(20) NOT NULL DEFAULT '0' COMMENT '资产减值损失',
  `income_from_changes_in_fair_value` bigint(20) NOT NULL COMMENT '公允价值变动收益（损失以“－”号填列）',
  `income_from_investment` bigint(20) NOT NULL DEFAULT '0' COMMENT '投资收益（损失以“－”号填列）',
  `business_profit` bigint(20) NOT NULL COMMENT '营业利润（主业和投资）',
  `non_business_income` bigint(20) NOT NULL DEFAULT '0' COMMENT '营业外收入',
  `non_business_costs` bigint(20) NOT NULL DEFAULT '0' COMMENT '营业外支出',
  `total_profit` bigint(20) NOT NULL COMMENT '利润总额',
  `income_tax_expense` bigint(20) NOT NULL COMMENT '所得税费用',
  `net_profit` bigint(20) NOT NULL COMMENT '净利润',
  `belong_mother_net_profit` bigint(20) NOT NULL COMMENT '归属于母公司所有者的净利润',
  `remark` varchar(100) DEFAULT NULL COMMENT '备注',
  `create_time` datetime NOT NULL COMMENT '创建时间',
  `update_time` datetime DEFAULT NULL COMMENT '更新时间',
  PRIMARY KEY (`id`),
  UNIQUE KEY `idx_0` (`company_id`,`year`,`report_type`)
) ENGINE=InnoDB AUTO_INCREMENT=76 DEFAULT CHARSET=utf8mb4 COMMENT='合并利润表';

-- ----------------------------
-- Records of combine_profit
-- ----------------------------
INSERT INTO `combine_profit` VALUES ('1', '1', '2019', '1', '127738523000', '106924288000', '1560596000', '4345897000', '4140997000', '3014032000', '-159000000', '9749000', '-808695000', '2312288000', '226322000', '107479000', '2431131000', '312274000', '2118857000', '1614450000', '', '2020-11-03 17:52:56', '2020-11-04 14:39:58');
INSERT INTO `combine_profit` VALUES ('2', '1', '2018', '1', '130054707000', '108725343000', '2145629000', '4729481000', '3760412000', '2635336000', '-686416000', '-5470000', '-113353000', '4241760000', '229930000', '86050000', '4385640000', '829447000', '3556193000', '2780194000', '', '2020-11-03 19:03:34', '2020-11-04 14:41:39');
INSERT INTO `combine_profit` VALUES ('3', '1', '2017', '1', '105914702000', '85775482000', '1329477000', '4925288000', '6786083000', '2314401000', '242586000', '-118166000', '-206053000', '5410551000', '279030000', '68940000', '5620641000', '703705000', '4916936000', '4066478000', '', '2020-11-03 20:22:00', '2020-11-04 14:41:42');
INSERT INTO `combine_profit` VALUES ('4', '1', '2016', '1', '103469997000', '82400900000', '1511717000', '4196339000', '6842635000', '1222190000', '565731000', '-18207000', '-726027000', '5849534000', '844328000', '125452000', '6568410000', '1088398000', '5480012000', '5052154000', '', '2020-11-03 21:02:11', '2020-11-04 14:41:46');
INSERT INTO `combine_profit` VALUES ('5', '1', '2015', '1', '80008968000', '66513559000', '1267326000', '2867992000', '5415060000', '1445995000', '551648000', '18207000', '1210370000', '3175965000', '703235000', '84214000', '3794986000', '656790000', '3138196000', '2823441000', '', '2020-11-03 21:06:09', '2020-11-04 14:41:49');
INSERT INTO `combine_profit` VALUES ('6', '2', '2015', '1', '97745137194', '66017353745', '751894199', '15506341694', '5048746635', '-1928797250', '86317962', '-1010322499', '96654919', '13516176980', '1404291659', '11049178', '14909419462', '2285686841', '12623732620', '12532442817', '', '2020-11-05 14:12:54', '2020-11-05 14:23:59');
INSERT INTO `combine_profit` VALUES ('7', '2', '2016', '1', '108302565293', '72885641217', '1430404246', '16477265963', '5488955551', '-4845546598', '-991560', '1093332134', '-2221356324', '17455697835', '1096234774', '20742533', '18531190076', '3006555172', '15524634903', '15420964990', '', '2020-11-05 15:06:58', null);
INSERT INTO `combine_profit` VALUES ('8', '2', '2017', '1', '148286450009', '99562912753', '1513035444', '16660268494', '6071143700', '431284686', '263787001', '9212503', '396648138', '26126666010', '511059113', '20540169', '26617184953', '4108585909', '22508599044', '22401576204', '', '2020-11-05 15:11:45', '2020-11-05 15:23:29');
INSERT INTO `combine_profit` VALUES ('9', '2', '2018', '1', '198123177056', '138234167710', '1741892704', '18899578046', '4365850083', '-948201396', '261674177', '46257424', '106768935', '30996884691', '317857733', '41234701', '31273507724', '4894477907', '26379029817', '26202787681', '', '2020-11-05 15:22:52', null);
INSERT INTO `combine_profit` VALUES ('10', '2', '2019', '1', '198153027540', '143499372581', '1542983748', '18309812188', '3795645600', '-2426643429', '-842893299', '228264067', '-226634780', '29605107122', '345706663', '598106556', '29352707228', '4525463624', '24827243603', '24696641368', '', '2020-11-05 15:28:37', null);
INSERT INTO `combine_profit` VALUES ('11', '2', '2020', '3', '69502322369', '54827483782', '336366102', '5251499766', '1522385044', '-1180757815', '-105508628', '-99171782', '103967175', '7581755754', '126808580', '12822142', '7695742192', '1270470387', '6425271805', '6362137377', '', '2020-11-05 17:03:58', '2020-11-05 17:21:51');
INSERT INTO `combine_profit` VALUES ('12', '2', '2020', '2', '56387073628', '41647709495', '268743061', '4881384137', '986755044', '-325044368', '-22265517', '307402887', '56969442', '8595600214', '155664009', '3769209', '8747495013', '1380999163', '7366495850', '7336584665', '', '2020-11-05 17:06:03', null);
INSERT INTO `combine_profit` VALUES ('13', '14', '2015', '1', '6285400290', '3397713733', '132615116', '12447359', '211275637', '-185191893', '154729', '0', '608470703', '3324856312', '57784094', '2204515', '3380435890', '696222447', '2684213443', '2531433048', '', '2020-11-12 22:29:31', null);
INSERT INTO `combine_profit` VALUES ('14', '14', '2016', '1', '6951474481', '3814138660', '59538687', '13181346', '223664359', '-146644869', '-193243', '0', '729682087', '3717471626', '1892835', '1692192', '3717672270', '752013342', '2965658928', '2805650702', '', '2020-11-12 22:31:23', null);
INSERT INTO `combine_profit` VALUES ('15', '14', '2017', '1', '8062379029', '4045920622', '21053256', '7167494', '240026235', '-121149427', '582708', '0', '974798417', '4841614749', '277597', '278903', '4841613442', '984350389', '3857263053', '3683408499', '', '2020-11-12 22:33:31', null);
INSERT INTO `combine_profit` VALUES ('16', '14', '2018', '1', '9313114686', '4499345858', '22180330', '1073931', '243300866', '-193987281', '363056', '0', '893246152', '5634438396', '773507', '5302679', '5629909224', '1198530671', '4431378552', '4231432034', '', '2020-11-12 22:38:07', null);
INSERT INTO `combine_profit` VALUES ('17', '14', '2019', '1', '10944668477', '5340221124', '10066107', '75738', '265034895', '-208705251', '0', '0', '1149911810', '6674590029', '2403731', '9416454', '6667577306', '1406712846', '5260864459', '5030210052', '', '2020-11-12 22:40:20', null);
INSERT INTO `combine_profit` VALUES ('19', '16', '2015', '1', '3165580471', '1690659317', '3451118', '404908883', '465970306', '-4135041', '13941151', '0', '9885872', '600670606', '4824210', '55327369', '550167447', '113585898', '436581549', '428043981', '', '2020-11-13 20:33:22', null);
INSERT INTO `combine_profit` VALUES ('20', '16', '2016', '1', '4000401671', '2155808524', '6548284', '512239108', '627251487', '5401977', '13839358', '0', '21188870', '700501800', '29306922', '45591553', '684217169', '117105649', '567111519', '557467244', '', '2020-11-13 20:35:39', null);
INSERT INTO `combine_profit` VALUES ('21', '16', '2017', '1', '5962845559', '3203073078', '13453397', '774031867', '845935970', '42664060', '40993051', '0', '39965086', '1111262296', '4767622', '88935078', '1027094840', '234333885', '792760954', '742514537', '', '2020-11-13 20:38:00', null);
INSERT INTO `combine_profit` VALUES ('22', '16', '2018', '1', '8008573954', '4244808442', '12916997', '825547679', '1071921792', '45060492', '-185562992', '-38427645', '46222051', '1557738008', '5778050', '183300955', '1380215102', '314365968', '1065849133', '1008937348', '', '2020-11-13 20:50:02', null);
INSERT INTO `combine_profit` VALUES ('23', '16', '2019', '1', '9990103976', '5064552673', '22191766', '1048542783', '1305023165', '75525953', '-314143307', '-56412572', '113408935', '2021842540', '8033960', '189635627', '1840240874', '409082249', '1431158624', '1378920970', '', '2020-11-13 20:51:21', null);
INSERT INTO `combine_profit` VALUES ('24', '16', '2020', '2', '8565499836', '4484243064', '21240125', '740835182', '990174196', '67423899', '-770556', '-45751700', '146308093', '2261599164', '4726508', '202771157', '2063554515', '382996016', '1680558499', '1546035447', '', '2020-11-13 21:07:27', null);
INSERT INTO `combine_profit` VALUES ('25', '4', '2015', '1', '3027659065', '2105113210', '28402847', '52794933', '174125943', '5745112', '2583327', '0', '28549488', '687443178', '14772607', '5111981', '697103805', '133640612', '563463193', '484333231', '', '2020-11-16 08:31:41', null);
INSERT INTO `combine_profit` VALUES ('26', '4', '2016', '1', '3190621692', '2168901774', '36820999', '51645977', '178201380', '3635969', '11645991', '0', '27094617', '766864217', '22504166', '5669705', '783698678', '150310432', '633388245', '542810484', '', '2020-11-16 08:33:12', null);
INSERT INTO `combine_profit` VALUES ('27', '4', '2017', '1', '3495787997', '2449965046', '39077409', '63532015', '211133989', '-1671256', '3693480', '0', '38000350', '789622884', '140136', '140136', '784932311', '122059959', '662872351', '573556745', '', '2020-11-16 08:34:30', null);
INSERT INTO `combine_profit` VALUES ('28', '4', '2018', '1', '7533894736', '6127997568', '44800204', '91888438', '154691478', '20833039', '10644193', '-47376017', '47932089', '936855461', '936855461', '4644808', '932553771', '133391736', '799162034', '661906018', '开始有研发165,181,543.19', '2020-11-16 08:36:55', '2020-11-16 09:03:24');
INSERT INTO `combine_profit` VALUES ('29', '4', '2019', '1', '6694459050', '5322020731', '35268920', '104973358', '143222740', '-2189515', '-4293325', '6020096', '36778960', '984701697', '1112221', '3367032', '982446887', '138350947', '844095939', '736972121', '研发168,540,520.64', '2020-11-16 08:39:54', null);
INSERT INTO `combine_profit` VALUES ('30', '4', '2020', '2', '3680299173', '2893157556', '19217440', '49121861', '108892692', '532991', '0', '-26037515', '31036653', '541657360', '386363', '2802475', '539241247', '94337736', '444903511', '398936810', '研发108,661,251.86', '2020-11-16 08:41:34', null);
INSERT INTO `combine_profit` VALUES ('31', '22', '2015', '1', '57489919045', '55108227484', '75997622', '131260605', '4153221938', '2282338090', '-5541434', '6114816', '2071123569', '-2178346874', '4382606786', '448455076', '1755804836', '-35698809', '1791503646', '283391104', '', '2020-11-16 20:35:48', '2020-11-16 20:43:30');
INSERT INTO `combine_profit` VALUES ('32', '22', '2016', '1', '71160180860', '71865800353', '124844888', '65459938', '4130016724', '1815561605', '109665295', '15212597', '-976595750', '-7912551099', '605770629', '1281661266', '-8588441736', '512790443', '-9101232179', '-9906003612', '', '2020-11-16 20:37:23', null);
INSERT INTO `combine_profit` VALUES ('33', '22', '2017', '1', '90463957861', '82604636637', '165596632', '53086523', '5179220485', '1729943937', '12770580', '0', '3918916272', '4956835499', '872683721', '126483286', '5703035934', '872350530', '4830685403', '2661935871', '', '2020-11-16 20:38:43', null);
INSERT INTO `combine_profit` VALUES ('34', '22', '2018', '1', '120829528787', '110604882878', '230751647', '61458893', '6833406176', '2967293772', '2026690', '-77268139', '2235035653', '3044731491', '840089083', '39498056', '3845322519', '818960690', '3026361828', '1230026418', '', '2020-11-16 20:40:42', null);
INSERT INTO `combine_profit` VALUES ('35', '22', '2019', '1', '151056682119', '134829661271', '226305192', '67606784', '9765897229', '5014525845', '-3273357', '298778360', '9978417826', '12062101545', '44864302', '44864302', '11926700765', '1576946001', '10349754763', '6764104771', '', '2020-11-16 20:42:23', null);
INSERT INTO `combine_profit` VALUES ('36', '21', '2018', '1', '77311836514', '71767219812', '190993779', '931060960', '2812080135', '458590051', '156753259', '236004338', '2594417777', '4317999838', '91205938', '300764891', '4108440885', '909472556', '3198968329', '2704106404', '', '2020-11-17 19:17:21', null);
INSERT INTO `combine_profit` VALUES ('37', '21', '2019', '1', '77650091275', '73422166637', '198278766', '851739192', '2595380588', '288529420', '-2469698', '151', '1509628605', '3371589440', '152806180', '198842060', '3325553560', '398544308', '2927009252', '2803495055', '', '2020-11-17 19:19:00', null);
INSERT INTO `combine_profit` VALUES ('38', '21', '2020', '2', '62290465505', '58729591592', '126269916', '589866716', '1816015395', '426810682', '-500000', '-41195', '1025357050', '2549956087', '142361791', '42412485', '2649905393', '491180654', '2158724738', '2081470476', '', '2020-11-17 19:20:44', null);
INSERT INTO `combine_profit` VALUES ('39', '34', '2015', '1', '50976036006', '36887855177', '425261228', '3105093847', '3177596052', '569500729', '-140412', '-25263611', '1880902104', '8666507878', '1444486568', '71597611', '10039396835', '2411445159', '7627951676', '7516385018', '', '2020-11-18 15:15:03', null);
INSERT INTO `combine_profit` VALUES ('40', '34', '2016', '1', '55931900959', '37769958978', '672450031', '3276413657', '3143599769', '336856697', '377847342', '6393050', '399088488', '10760256023', '981198301', '88248335', '11653205989', '2702563365', '8950642624', '8529916783', '', '2020-11-18 15:17:14', null);
INSERT INTO `combine_profit` VALUES ('41', '34', '2017', '1', '75310819763', '48887730288', '946987748', '3571929955', '3459690531', '3459690531', '-11504', '2306632', '2026686898', '20825297898', '479897829', '76439675', '21228756052', '4800022157', '16428733895', '15854670109', '', '2020-11-18 15:18:30', null);
INSERT INTO `combine_profit` VALUES ('42', '34', '2018', '1', '128402625696', '81230031437', '1457667777', '3733294706', '3752167303', '-474090826', '206990458', '22833563', '658485100', '39882355857', '590681765', '843841723', '39629195899', '8993181439', '30636014460', '30636014460', '', '2020-11-18 15:19:57', null);
INSERT INTO `combine_profit` VALUES ('43', '34', '2019', '1', '157030328135', '104760090086', '1403049105', '4416574602', '4741154188', '-1338169232', '-1164209774', '257596877', '1209080928', '44057337621', '648126672', '148619034', '44556845259', '10204838573', '34352006686', '33592755201', '', '2020-11-18 15:22:19', null);
INSERT INTO `combine_profit` VALUES ('44', '34', '2020', '2', '123983571571', '123983571571', '903598682', '2892932674', '2956346160', '-1220082711', '0', '2901645', '1227993703', '32551409077', '682099798', '69958213', '33163550662', '7567942593', '25595608069', '24719025756', '', '2020-11-18 15:25:31', null);
INSERT INTO `combine_profit` VALUES ('45', '36', '2015', '1', '48623732312', '38755090666', '275798416', '1290038686', '4675778199', '1496013180', '1364500152', '0', '187191686', '953704699', '1082717233', '23178815', '2013243117', '375133185', '1638109932', '1636270488', '', '2020-11-18 18:24:39', null);
INSERT INTO `combine_profit` VALUES ('46', '36', '2016', '1', '68895658963', '56585696091', '459263933', '1984361921', '5618443652', '2299116897', '1594488553', '0', '151006609', '505294525', '2085966318', '78861768', '2512399075', '467228316', '2045170759', '1882571674', '', '2020-11-18 18:25:54', null);
INSERT INTO `combine_profit` VALUES ('47', '36', '2017', '1', '93800479215', '70282477585', '708381529', '2591925798', '7246543340', '1948024860', '2229524682', '2229524682', '115602683', '9673733282', '180418858', '113080601', '9741071539', '1880659980', '7860411559', '7567682493', '', '2020-11-18 18:27:17', null);
INSERT INTO `combine_profit` VALUES ('48', '36', '2018', '1', '97108864935', '77306224288', '778606126', '2891056969', '4959184197', '3196695890', '1239588763', '0', '306887579', '4008170903', '169429515', '55310251', '4122290167', '1242416094', '2879874073', '3435127975', '研发5,039,927,435', '2020-11-18 18:29:48', null);
INSERT INTO `combine_profit` VALUES ('49', '36', '2019', '1', '116059590164', '98446269296', '861100605', '2917865380', '5214948027', '1994150258', '2584183258', '137473077', '342620691', '398668981', '208430198', '103349078', '503750101', '979991504', '-476241403', '1918643871', '1,994,150,258', '2020-11-18 18:31:47', null);
INSERT INTO `combine_profit` VALUES ('50', '36', '2020', '2', '40820898656', '33224749252', '242449005', '1018598325', '2134275006', '722233644', '-137129208', '2984227', '136550419', '1819975390', '39423897', '22982486', '1836416801', '446300763', '1390116038', '1340387777', '2,006,550,087.00', '2020-11-18 18:35:13', null);
INSERT INTO `combine_profit` VALUES ('51', '40', '2015', '1', '2928489769', '2216613942', '17400076', '38585681', '250149048', '-147310068', '2962968', '0', '6171536', '556259656', '11773765', '1383700', '566649721', '99308329', '467341391', '467341391', '', '2020-11-19 21:39:28', null);
INSERT INTO `combine_profit` VALUES ('52', '40', '2016', '1', '2934495816', '2096076513', '22449995', '49395314', '273458918', '-199406208', '5177315', '2530498', '1915017', '691789484', '9652117', '4708655', '696732946', '108305186', '588427759', '588427759', '', '2020-11-19 21:41:05', null);
INSERT INTO `combine_profit` VALUES ('53', '40', '2017', '1', '3285764402', '2189388323', '27024336', '41970462', '41970462', '97221018', '-97221018', '-9059199', '2408026', '661861196', '489596', '4923262', '657427530', '104368775', '553058755', '553058755', '', '2020-11-19 21:42:57', null);
INSERT INTO `combine_profit` VALUES ('54', '40', '2018', '1', '3328616224', '2311830991', '25905779', '56815195', '56815195', '-89708534', '6201706', '7458889', '7458889', '776114445', '436562', '6356082', '770194925', '770194925', '654010305', '654010305', '108,600,081.55', '2020-11-19 21:44:26', null);
INSERT INTO `combine_profit` VALUES ('55', '40', '2019', '1', '2924911906', '2166991596', '21230152', '55401973', '147968069', '-91262473', '1779686', '1013184', '206168', '617251040', '1067560', '7928743', '610389856', '91902553', '518487302', '518487302', '112,917,638.49', '2020-11-19 21:46:18', '2020-11-19 22:05:25');
INSERT INTO `combine_profit` VALUES ('56', '41', '2015', '1', '56013436032', '28359249667', '2767979517', '0', '20106004521', '0', '2481231038', '1354760180', '18800784634', '27654186365', '104369252', '471411326', '471411326', '471411326', '20360343966', '19799793374', '手续费及佣金净收入29,631,446,349.45', '2020-11-20 16:40:06', null);
INSERT INTO `combine_profit` VALUES ('57', '41', '2016', '1', '38001923489', '23799764776', '796683365', '0', '16972070386', '0', '1935389968', '-1413026237', '10027505677', '14202158712', '14202158712', '137870262', '14262558591', '3281418513', '10981140078', '10365168588', '22,443,661,464.68', '2020-11-20 16:42:21', null);
INSERT INTO `combine_profit` VALUES ('58', '41', '2017', '1', '43291634080', '27043303413', '256035102', '0', '16992699847', '0', '1720759991', '842716446', '12474528495', '16248330667', '162456193', '237006289', '16173780571', '4196310907', '11977469663', '11433264545', '18,957,035,118.72', '2020-11-20 16:44:20', null);
INSERT INTO `combine_profit` VALUES ('59', '41', '2018', '1', '37220708075', '25185229078', '255150662', '0', '15307536637', '0', '0', '1706194764', '7071309759', '12035478996', '471939756', '41847356', '12465571397', '2589143479', '9876427917', '9389895989', '17,426,808,059.89', '2020-11-20 16:46:12', null);
INSERT INTO `combine_profit` VALUES ('60', '41', '2019', '1', '43139697642', '26128905191', '292697028', '0', '17562366097', '0', '0', '-2055398363', '18747889883', '17010792450', '36456301', '52612670', '16994636082', '4346199630', '12648436451', '12648436451', '18,022,178,985.83', '2020-11-20 16:47:43', null);
INSERT INTO `combine_profit` VALUES ('61', '41', '2020', '2', '41994620928', '25016862783', '297333170', '0', '14933843795', '0', '0', '742741805', '15445764003', '16977758144', '61296925', '58323811', '16980731258', '3868223964', '13112507293', '12660811986', '18,841,130,568.48', '2020-11-20 16:49:27', null);
INSERT INTO `combine_profit` VALUES ('62', '42', '2018', '1', '10907166796', '6866666593', '79927780', '0', '5625951991', '0', '0', '988850480', '1435921166', '4040500202', '18951266', '8008944', '4051442524', '948014873', '3103427651', '3087459930', '6,428,934,584.25', '2020-11-20 18:01:12', '2020-11-20 18:36:40');
INSERT INTO `combine_profit` VALUES ('63', '42', '2019', '1', '13693187802', '6528176559', '98596737', '0', '6459340066', '0', '0', '2754579400', '2754579400', '7165011242', '15072608', '26343881', '26343881', '1624091521', '5529648447', '5501688251', '7,625,043,429.59', '2020-11-20 18:02:29', null);
INSERT INTO `combine_profit` VALUES ('64', '42', '2020', '2', '15859122717', '6271539219', '112911798', '0', '5782168821', '0', '0', '439935452', '5653623627', '9587583498', '9587583498', '34627916', '9559486954', '2048845622', '7510641332', '7491035004', '8,502,449,074.66', '2020-11-20 18:07:25', null);
INSERT INTO `combine_profit` VALUES ('65', '42', '2017', '1', '11303252246', '5940873860', '87166175', '0', '5773257266', '0', '76340162', '-5138697', '2425492710', '76340162', '20001364', '27042771', '5355336978', '1293689977', '4061647001', '4015427677', '手续费及佣金净收入7,608,663,070.92', '2020-11-20 18:17:16', '2020-11-20 18:36:45');
INSERT INTO `combine_profit` VALUES ('66', '45', '2015', '1', '26261939871', '11991865450', '1722544147', '0', '10121581563', '0', '73259163', '-716033713', '7893308235', '14270074421', '85855952', '92433568', '14263496806', '3465588570', '10797908235', '10696870875', '手续费及佣金净收入14,524,816,131.53', '2020-11-20 20:18:48', null);
INSERT INTO `combine_profit` VALUES ('67', '45', '2016', '1', '16917019401', '8519068579', '450613162', '0', '8012560486', '0', '-36752756', '-339704069', '4769805850', '8397950822', '213443105', '17965954', '8593427973', '8593427973', '8593427973', '6270611459', '8,848,252,723.04', '2020-11-20 20:20:01', null);
INSERT INTO `combine_profit` VALUES ('68', '45', '2017', '1', '21108534070', '10260265444', '152407623', '0', '9749966098', '0', '259029956', '-341602534', '8909137285', '10848268625', '760091188', '23715496', '11584644317', '2176787685', '9407856632', '9276520447', '', '2020-11-20 20:22:07', null);
INSERT INTO `combine_profit` VALUES ('69', '45', '2018', '1', '16108262271', '9633160399', '139711246', '0', '8167475230', '0', '0', '1797941989', '2411103639', '6475101872', '3253269', '29684794', '6448670347', '1287783549', '5160886797', '5032737702', '8,062,137,439.48', '2020-11-20 20:23:38', null);
INSERT INTO `combine_profit` VALUES ('70', '45', '2019', '1', '24863012026', '13255077135', '151890239', '0', '11367308599', '0', '0', '2057306161', '9849087197', '11607934891', '16005633', '16005633', '11585965062', '2528752207', '9057212854', '9001644018', '9,287,627,847.86', '2020-11-20 20:26:05', '2020-11-20 20:47:11');
INSERT INTO `combine_profit` VALUES ('71', '45', '2020', '2', '24335627220', '12889046576', '167091478', '0', '10713738013', '0', '0', '-2393120828', '13757019909', '11446580643', '24125905', '36966854', '11433739694', '2491949177', '8941790517', '8838992580', '10,322,663,814.50', '2020-11-20 20:28:25', null);
INSERT INTO `combine_profit` VALUES ('72', '52', '2017', '1', '7740584027', '4036520276', '80878286', '1073064564', '65105414', '-2014595', '-31800780', '0', '335802499', '3077924620', '11778018', '9782855', '3079919783', '770041068', '2309878714', '2309878714', '', '2020-11-22 14:54:54', '2020-11-22 14:58:51');
INSERT INTO `combine_profit` VALUES ('73', '52', '2018', '1', '8144243871', '4075013891', '87999909', '1032120106', '68996573', '21463149', '-106727080', '0', '350473628', '3573026199', '7464817', '28241367', '3552249650', '715266047', '2836983603', '2836983603', '研发21,463,149.57', '2020-11-22 14:56:29', '2020-11-22 14:58:57');
INSERT INTO `combine_profit` VALUES ('74', '52', '2019', '1', '7459290694', '3518229514', '72944328', '1074006641', '64117928', '-64321221', '-4173273', '11500438', '463774696', '3350754368', '9212199', '1062175', '3358904391', '663608904', '2695295487', '2695295487', '56,600,897.17', '2020-11-22 14:58:10', null);
INSERT INTO `combine_profit` VALUES ('75', '52', '2020', '2', '3019327235', '1490590924', '30432236', '465732963', '72847276', '-21199823', '0', '143638579', '193562689', '1455935961', '7436944', '4841966', '1458530938', '290091559', '1168439379', '1168439379', '19,244,810.01', '2020-11-22 15:01:37', null);

-- ----------------------------
-- Table structure for company
-- ----------------------------
DROP TABLE IF EXISTS `company`;
CREATE TABLE `company` (
  `id` int(11) NOT NULL AUTO_INCREMENT,
  `code` varchar(20) NOT NULL COMMENT '股票代码',
  `name` varchar(20) NOT NULL COMMENT '公司名称',
  `type` int(2) NOT NULL DEFAULT '0' COMMENT '行业类型 0-默认 1-汽车制造 2-白色家电',
  `location` int(2) NOT NULL COMMENT '归属市场 1-沪  2-深 3-港股 4-美股',
  `category` int(2) NOT NULL DEFAULT '1' COMMENT '类型 1-股票 2-基金 3-Reits 4-可转债 5-逆回购',
  `total_equity` bigint(20) NOT NULL COMMENT '现总股本',
  `remark` varchar(100) DEFAULT NULL COMMENT '备注',
  `sort` int(3) NOT NULL DEFAULT '0' COMMENT '排序',
  `target_level` int(3) NOT NULL DEFAULT '0' COMMENT '指标级别',
  `create_time` datetime NOT NULL COMMENT '创建时间',
  `update_time` datetime DEFAULT NULL COMMENT '更新时间',
  PRIMARY KEY (`id`),
  UNIQUE KEY `idx_code` (`code`)
) ENGINE=InnoDB AUTO_INCREMENT=59 DEFAULT CHARSET=utf8mb4 COMMENT='公司详情表';

-- ----------------------------
-- Records of company
-- ----------------------------
INSERT INTO `company` VALUES ('1', '002594', '比亚迪', '1', '2', '1', '2728142855', '', '0', '0', '2020-11-02 14:07:14', '2020-11-13 16:08:03');
INSERT INTO `company` VALUES ('2', '000651', '格力电器', '2', '2', '1', '6016000000', '', '0', '0', '2020-11-02 18:01:54', '2020-11-05 16:07:56');
INSERT INTO `company` VALUES ('4', '600987', '航民股份', '9', '1', '1', '1080800000', '20201119持有3000股在5.6卖掉了\r\n', '0', '0', '2020-11-05 16:03:10', '2020-11-19 21:16:53');
INSERT INTO `company` VALUES ('5', '002157', '正邦科技', '0', '2', '1', '2518700000', '顾敏', '0', '0', '2020-11-05 16:09:22', '2020-11-13 18:57:51');
INSERT INTO `company` VALUES ('6', '300181', '佐力药业', '3', '2', '1', '608600000', '顾敏 雪球每股收益0.08，现股价6.8，不能买', '0', '0', '2020-11-05 16:10:49', '2020-11-14 08:27:44');
INSERT INTO `company` VALUES ('7', '300003', '乐普医疗', '0', '2', '1', '1804600000', '', '0', '0', '2020-11-05 18:40:16', null);
INSERT INTO `company` VALUES ('8', '600036', '招商银行', '0', '1', '1', '25219800000', '港股为03968.HK', '0', '0', '2020-11-06 10:38:57', null);
INSERT INTO `company` VALUES ('9', '01928', '金沙中国有限公司', '0', '3', '1', '8089900000', '', '0', '0', '2020-11-06 10:41:45', null);
INSERT INTO `company` VALUES ('10', '600519', '贵州茅台', '5', '1', '1', '1256200000', '茅台的企业文化https://www.moutaichina.com/maotaigf/qygk32/qywh/index.html', '0', '0', '2020-11-06 11:21:58', '2020-11-16 07:27:23');
INSERT INTO `company` VALUES ('11', '300537', '广信材料', '0', '2', '1', '193000000', 'wendenl', '0', '0', '2020-11-07 07:38:39', null);
INSERT INTO `company` VALUES ('12', '002294', '信立泰', '0', '2', '1', '1046000000', '3099班张凤梅', '0', '0', '2020-11-10 10:57:28', '2020-11-10 10:58:51');
INSERT INTO `company` VALUES ('13', '002065', '东华软件', '0', '2', '1', '3115500000', '3099班张凤梅', '0', '0', '2020-11-10 10:58:18', '2020-11-10 10:58:55');
INSERT INTO `company` VALUES ('14', '600009', '上海机场', '7', '1', '1', '1927000000', 'carry关注的：我的结论，20201113今年的股价按照25倍市盈率计算，60块以下可入市，每年按照15%增长，3年能涨到100左右，能有年化18以上的收益率', '0', '0', '2020-11-12 21:19:20', '2020-11-16 07:25:41');
INSERT INTO `company` VALUES ('15', '600196', '复星医药', '3', '1', '1', '2011000000', '', '0', '0', '2020-11-13 08:28:24', null);
INSERT INTO `company` VALUES ('16', '300015', '爱尔眼科', '0', '2', '1', '4121500000', '顾敏', '0', '0', '2020-11-13 12:12:07', null);
INSERT INTO `company` VALUES ('17', '300760', '迈瑞医疗', '3', '2', '1', '1215700000', '黄盈秋  龙头', '0', '0', '2020-11-13 19:01:25', '2020-11-19 08:02:45');
INSERT INTO `company` VALUES ('18', '000089', '深圳机场', '7', '2', '1', '2050800000', '', '0', '0', '2020-11-16 07:26:35', '2020-11-16 19:30:29');
INSERT INTO `company` VALUES ('19', '601168', '西部矿业', '0', '1', '1', '2383000000', '', '0', '0', '2020-11-16 10:26:57', null);
INSERT INTO `company` VALUES ('20', '603128', '华贸物流', '8', '1', '1', '1309000000', '', '0', '0', '2020-11-16 19:32:31', '2020-11-16 19:35:55');
INSERT INTO `company` VALUES ('21', '601598', '中国外运', '8', '1', '1', '1352000000', '', '0', '0', '2020-11-16 19:37:47', '2020-11-18 16:53:52');
INSERT INTO `company` VALUES ('22', '601919', '中远海控', '8', '1', '1', '12260000000', '不分红，而且现在的每股收益是2019年第四季度偏高造成的，得分析2020年第四季度才能下定论', '0', '0', '2020-11-16 19:48:56', '2020-11-18 16:53:32');
INSERT INTO `company` VALUES ('23', '000582', '北部湾港', '8', '2', '1', '1635000000', '', '0', '0', '2020-11-16 19:50:08', null);
INSERT INTO `company` VALUES ('24', '603535', '嘉诚国际', '8', '1', '1', '150000000', '', '0', '0', '2020-11-16 19:50:56', null);
INSERT INTO `company` VALUES ('25', '601008', '连云港', '8', '1', '1', '1094000000', '2019年每股收益不到1分钱', '0', '0', '2020-11-16 19:52:14', '2020-11-17 22:00:23');
INSERT INTO `company` VALUES ('26', '002803', '吉宏股份', '0', '2', '1', '378000000', '', '0', '0', '2020-11-16 19:57:25', '2020-11-18 16:56:36');
INSERT INTO `company` VALUES ('27', '601601', '中国太保', '0', '1', '1', '9620000000', 'irfan', '0', '0', '2020-11-17 21:59:47', '2020-11-17 22:20:23');
INSERT INTO `company` VALUES ('28', '603019', '中科曙光', '0', '1', '1', '1451000000', 'irfan', '0', '0', '2020-11-17 22:14:34', '2020-11-17 22:20:29');
INSERT INTO `company` VALUES ('29', '002166', '莱茵生物', '0', '2', '1', '565000000', 'irfan', '0', '0', '2020-11-17 22:19:12', '2020-11-17 22:20:32');
INSERT INTO `company` VALUES ('30', '002772', '众兴菌业', '0', '2', '1', '368000000', 'irfan', '0', '0', '2020-11-17 22:20:16', '2020-11-17 22:23:31');
INSERT INTO `company` VALUES ('31', '002230', '科大讯飞', '0', '2', '1', '2198000000', 'irfan', '0', '0', '2020-11-17 22:21:56', '2020-11-17 22:23:26');
INSERT INTO `company` VALUES ('32', '600999', '招商证券', '11', '1', '1', '8697000000', 'irfan', '94', '0', '2020-11-17 22:23:07', '2020-11-20 19:51:45');
INSERT INTO `company` VALUES ('33', '300676', '华大基因', '0', '2', '1', '400000000', 'irfan', '0', '0', '2020-11-17 22:25:44', null);
INSERT INTO `company` VALUES ('34', '600585', '海螺水泥', '10', '1', '1', '5299000000', '历年财报都不错，19年增速放缓，持续关注\r\n我20201119持有700股在56.5卖掉了', '0', '0', '2020-11-18 09:10:37', '2020-11-22 15:46:32');
INSERT INTO `company` VALUES ('35', '000672', '上峰水泥', '10', '2', '1', '814000000', '', '0', '0', '2020-11-18 09:11:37', null);
INSERT INTO `company` VALUES ('36', '000725', '京东方A', '0', '2', '1', '34798000000', '', '0', '0', '2020-11-18 16:52:55', null);
INSERT INTO `company` VALUES ('37', '002508', '老板电器', '0', '2', '1', '949000000', '市盈率低于20可以入市，现在每股收益', '0', '0', '2020-11-18 18:47:21', '2020-11-19 07:59:44');
INSERT INTO `company` VALUES ('38', '600276', '恒瑞医药', '3', '1', '1', '5296000000', '龙头', '0', '0', '2020-11-19 08:02:11', '2020-11-19 08:02:50');
INSERT INTO `company` VALUES ('39', '300040', '九洲集团', '0', '1', '1', '375400000', '', '0', '0', '2020-11-19 20:47:07', null);
INSERT INTO `company` VALUES ('40', '603328', '依顿电子', '4', '1', '1', '998000000', '工厂  自杀式分红', '0', '0', '2020-11-19 21:11:46', '2020-11-19 22:15:33');
INSERT INTO `company` VALUES ('41', '600030', '中信证券', '11', '1', '1', '12927000000', '预估2020每股收益1.35，现股价29.42，市盈率为22，增速预计可能有30%，按照20%增速，20倍市盈率算，明年32块是预估保守价', '0', '0', '2020-11-20 12:15:51', '2020-11-20 19:41:00');
INSERT INTO `company` VALUES ('42', '601066', '中信建投', '11', '1', '1', '7646000000', '3年财报,现在股价43有点高，每股收益目前是0.96，预估年底到1.25，增速预计可能有30%，按照20%增速，明年每股1.5，按照市场给的30倍市盈率估算，股价保守为45', '0', '0', '2020-11-20 12:17:31', '2020-11-21 06:17:23');
INSERT INTO `company` VALUES ('43', '300059', '东方财富', '11', '1', '1', '8613000000', '市盈率已经50倍左右了', '0', '0', '2020-11-20 12:18:43', '2020-11-20 19:48:47');
INSERT INTO `company` VALUES ('44', '601995', '中金公司', '11', '1', '1', '4827000000', '20201102新公司', '0', '0', '2020-11-20 12:22:23', '2020-11-20 19:50:40');
INSERT INTO `company` VALUES ('45', '601688', '华泰证券', '11', '1', '1', '9077000000', '类似中信', '0', '0', '2020-11-20 12:28:46', '2020-11-20 21:13:25');
INSERT INTO `company` VALUES ('46', '600837', '海通证券', '11', '1', '1', '13064000000', '', '93', '0', '2020-11-20 12:30:51', '2020-11-20 12:30:58');
INSERT INTO `company` VALUES ('47', '601211', '国泰君安', '11', '1', '1', '8908000000', '', '92', '0', '2020-11-20 12:32:04', null);
INSERT INTO `company` VALUES ('48', '002736', '国信证券', '11', '2', '1', '9612000000', '', '91', '0', '2020-11-20 12:33:02', null);
INSERT INTO `company` VALUES ('49', '000166', '申万宏源', '11', '2', '1', '25040000000', '', '90', '0', '2020-11-20 12:34:41', null);
INSERT INTO `company` VALUES ('50', '600897', '厦门空港', '7', '1', '1', '298000000', '', '0', '0', '2020-11-21 13:01:11', null);
INSERT INTO `company` VALUES ('51', '603167', '渤海轮渡', '0', '1', '1', '473000000', '19年每股收益0.87，收益增速放缓，市场给的市盈率整年大概在10到14之间，按照10%增速算0.957*12=11.48，现股价10.37，可以上车了', '0', '0', '2020-11-21 13:16:14', '2020-11-22 10:24:37');
INSERT INTO `company` VALUES ('52', '603156', '养元饮品', '0', '1', '1', '1265000000', '20201122现股价27，帐上只有1亿多现金了，不知道能撑多久，持续关注', '0', '0', '2020-11-22 14:23:37', '2020-11-22 15:20:57');
INSERT INTO `company` VALUES ('53', '600352', '浙江龙盛', '9', '1', '1', '3253000000', '黄桂丽', '0', '0', '2020-11-23 15:50:55', '2020-11-27 12:09:22');
INSERT INTO `company` VALUES ('54', '000591', '太阳能', '0', '2', '1', '3007000000', '分红一直再涨，只是股息率现在还有点低', '0', '0', '2020-11-23 18:31:39', null);
INSERT INTO `company` VALUES ('55', '300712', '永福股份', '12', '1', '1', '182000000', '需了解的行业', '0', '0', '2020-11-23 19:47:26', null);
INSERT INTO `company` VALUES ('56', '000895', '双汇发展', '13', '2', '1', '3464700000', '有点冲动了，20201123的时候51.33买进的，要割肉了，因为没认真看财报，明天全部转入格力', '0', '0', '2020-11-23 20:04:59', null);
INSERT INTO `company` VALUES ('57', '600745', '闻泰科技', '0', '1', '1', '1245000000', '功率芯片', '0', '0', '2020-11-24 08:38:28', null);
INSERT INTO `company` VALUES ('58', '603290', '斯达半导', '0', '1', '1', '160000000', '功率芯片', '0', '0', '2020-11-24 08:39:38', null);

-- ----------------------------
-- Table structure for consolidated_assets_liabilities
-- ----------------------------
DROP TABLE IF EXISTS `consolidated_assets_liabilities`;
CREATE TABLE `consolidated_assets_liabilities` (
  `id` int(11) NOT NULL AUTO_INCREMENT,
  `company_id` int(11) NOT NULL COMMENT '公司详情表主键',
  `year` int(4) NOT NULL COMMENT '年份',
  `report_type` int(1) NOT NULL DEFAULT '1' COMMENT '1-年报 2-第三季度报 3-半年报 4-第一季度报',
  `total_assets` bigint(20) NOT NULL COMMENT '总资产',
  `total_liabilities` bigint(20) NOT NULL COMMENT '总负债',
  `share_holder_equity` bigint(20) NOT NULL COMMENT '股东权益合计',
  `short_term_liabilities` bigint(20) NOT NULL DEFAULT '0' COMMENT '短期负债',
  `year_arrive_no_current_liabilities` bigint(20) NOT NULL DEFAULT '0' COMMENT '一年内到期的非流动负债',
  `long_term_liabilities` bigint(20) NOT NULL DEFAULT '0' COMMENT '长期借款',
  `payable_bonds` bigint(20) NOT NULL DEFAULT '0' COMMENT '应付债券',
  `long_payable_money` bigint(20) NOT NULL DEFAULT '0' COMMENT '长期应付款',
  `payable_interest` bigint(20) NOT NULL DEFAULT '0' COMMENT '应付利息',
  `monetary_capital` bigint(20) NOT NULL COMMENT '货币资金',
  `payable_bill` bigint(20) NOT NULL DEFAULT '0' COMMENT '应付票据',
  `payable_money` bigint(20) NOT NULL DEFAULT '0' COMMENT '应付账款',
  `advance_receivable_money` bigint(20) NOT NULL DEFAULT '0' COMMENT '预收款项',
  `receivable_bill` bigint(20) NOT NULL DEFAULT '0' COMMENT '应收票据',
  `receivable_money` bigint(20) NOT NULL COMMENT '应收账款',
  `advance_payable_money` bigint(20) NOT NULL DEFAULT '0' COMMENT '预付款项',
  `fixed_assets` bigint(20) NOT NULL COMMENT '固定资产',
  `reconstruction_project` bigint(20) NOT NULL DEFAULT '0' COMMENT '在建工程',
  `engineering_materials` bigint(20) NOT NULL DEFAULT '0' COMMENT '工程物资',
  `fair_value_project` bigint(20) NOT NULL DEFAULT '0' COMMENT '以公允价值计量且变动计入当期损益的金融资产',
  `prepare_sale_finance_project` bigint(20) NOT NULL DEFAULT '0' COMMENT '可供出售金融资产',
  `held_to_maturity_investment` bigint(20) NOT NULL DEFAULT '0' COMMENT '持有至到期投资',
  `Investin_in_real_estate` bigint(20) NOT NULL DEFAULT '0' COMMENT '投资房地产',
  `long_term_equity_investment` bigint(20) NOT NULL DEFAULT '0' COMMENT '长期股权投资（与主业无关）',
  `belong_mother_equity` bigint(20) NOT NULL COMMENT '归属于母公司所有者权益合计',
  `payable_salary` bigint(20) NOT NULL DEFAULT '0' COMMENT '应付职工薪酬',
  `total_equity` bigint(20) NOT NULL DEFAULT '0' COMMENT '当期总股本',
  `remark` varchar(100) DEFAULT NULL COMMENT '备注',
  `create_time` datetime NOT NULL COMMENT '创建时间',
  `update_time` datetime DEFAULT NULL COMMENT '更新时间',
  PRIMARY KEY (`id`),
  UNIQUE KEY `idx_0` (`company_id`,`year`,`report_type`)
) ENGINE=InnoDB AUTO_INCREMENT=84 DEFAULT CHARSET=utf8mb4 COMMENT='合并资产负债表';

-- ----------------------------
-- Records of consolidated_assets_liabilities
-- ----------------------------
INSERT INTO `consolidated_assets_liabilities` VALUES ('1', '1', '2019', '1', '195641593000', '133040173000', '62601420000', '40332365000', '8747448000', '11947932000', '9968555000', '0', '560198000', '12650083000', '13647638000', '22520530000', '2000000', '43933795000', '7009379000', '362761000', '49443360000', '10674847000', '0', '0', '0', '0', '96902000', '0', '56762289000', '3782780000', '0', '', '2020-11-02 20:34:06', '2020-11-04 13:27:36');
INSERT INTO `consolidated_assets_liabilities` VALUES ('2', '1', '2018', '1', '194571077000', '133877098000', '60693979000', '37788977000', '7482634000', '6847603000', '7076777000', '0', '389851000', '13052095000', '21140760000', '25142127000', '2300000', '49283534000', '7773025000', '358822000', '43678630000', '9683773000', '0', '0', '0', '0', '90066000', '0', '55198289000', '3855654000', '0', '', '2020-11-02 23:00:56', '2020-11-04 13:29:26');
INSERT INTO `consolidated_assets_liabilities` VALUES ('3', '1', '2017', '1', '178099430000', '118141943000', '59957487000', '35774916000', '9873754000', '6369237000', '4493109000', '0', '174543000', '9902690000', '16954070000', '23319529000', '4700280000', '6973003000', '51880681000', '848811000', '43244815000', '4512856000', '3223053000', '1095000', '4185460000', '0', '66707000', '0', '55004194000', '3179937000', '0', '', '2020-11-02 23:17:34', '2020-11-04 13:33:19');
INSERT INTO `consolidated_assets_liabilities` VALUES ('4', '1', '2016', '1', '145070778000', '89661415000', '55409363000', '25009611000', '7918830000', '4847936000', '4490584000', '0', '193528000', '7693666000', '15742125000', '19501485000', '1850792000', '6362378000', '41768002000', '205939000', '37483211000', '4565424000', '4391521000', '0', '3225238000', '0', '0', '0', '51255929000', '2978565000', '0', '', '2020-11-02 23:20:27', '2020-11-04 13:33:44');
INSERT INTO `consolidated_assets_liabilities` VALUES ('5', '1', '2015', '1', '115485755000', '79456514000', '36029241000', '19943800000', '6469060000', '6745955000', '4483946000', '0', '192693000', '6596426000', '12897076000', '18581611000', '2438009000', '6798810000', '21519093000', '226962000', '32368535000', '5757798000', '3729764000', '0', '3071357000', '0', '0', '0', '32294404000', '2118495000', '0', '', '2020-11-02 23:23:02', '2020-11-04 13:34:15');
INSERT INTO `consolidated_assets_liabilities` VALUES ('7', '1', '2020', '3', '197636405000', '130423547000', '67212858000', '32091445000', '1133880000', '15822055000', '9874753000', '0', '0', '13241316000', '11575368000', '43909067000', '1300000', '0', '43909067000', '1192801000', '48539242000', '11723781000', '0', '0', '0', '0', '0', '0', '59928232000', '0', '0', '长期股权投资有疑问', '2020-11-03 00:36:50', '2020-11-03 01:49:02');
INSERT INTO `consolidated_assets_liabilities` VALUES ('9', '1', '2019', '2', '195641593000', '133040173000', '62601420000', '40332365000', '8747448000', '11947932000', '9968555000', '0', '560198000', '12650083000', '13647638000', '22520530000', '2000000', '0', '43933795000', '362761000', '49443360000', '10674847000', '0', '0', '0', '0', '0', '0', '56762289000', '0', '0', '', '2020-11-03 01:43:02', null);
INSERT INTO `consolidated_assets_liabilities` VALUES ('10', '1', '2020', '2', '196799017000', '128939418000', '67859599000', '24789523000', '9201306000', '15654973000', '9876424000', '0', '333879000', '13181897000', '9332481000', '32000797000', '1400000', '0', '38907717000', '1106009000', '53190974000', '7527123000', '0', '0', '0', '0', '0', '0', '59764561000', '0', '0', '', '2020-11-03 01:43:05', null);
INSERT INTO `consolidated_assets_liabilities` VALUES ('11', '1', '2019', '3', '195641593000', '133040173000', '62601420000', '40332365000', '8747448000', '11947932000', '9968555000', '0', '0', '12650083000', '13647638000', '22520530000', '2000000', '0', '43933795000', '362761000', '49443360000', '10674847000', '0', '0', '0', '0', '96902000', '0', '56762289000', '0', '0', '', '2020-11-03 01:48:47', null);
INSERT INTO `consolidated_assets_liabilities` VALUES ('12', '2', '2019', '1', '282972157415', '170924500892', '112047656523', '15944176463', '0', '46885882', '0', '0', '0', '125400715267', '25285207843', '41656815752', '8225707662', '0', '8513334545', '2395610555', '19121930757', '2431051409', '0', '0', '0', '0', '498648691', '7064186161', '110153573282', '3430968964', '0', '长期股权投资？？？', '2020-11-05 13:30:36', '2020-11-05 13:33:48');
INSERT INTO `consolidated_assets_liabilities` VALUES ('13', '2', '2018', '1', '251234157276', '158519445549', '92714711727', '22067750002', '0', '0', '0', '0', '0', '113079030368', '10835428282', '38987371471', '9792041417', '35911567876', '7699658990', '2161876009', '18385761475', '1663938988', '0', '1012470387', '2216195036', '0', '498648691', '2250732461', '91327095069', '2473204451', '0', '', '2020-11-05 13:31:58', '2020-11-05 14:04:22');
INSERT INTO `consolidated_assets_liabilities` VALUES ('14', '2', '2015', '1', '161698016315', '113131407737', '48566608577', '6276660136', '0', '0', '0', '0', '48386709', '88819798560', '7427635753', '24794268372', '7619598042', '14879805537', '2879212111', '847929149', '15431813077', '2044837830', '0', '0', '2704719177', '0', '491540849', '95459187', '47521376091', '1697282605', '0', '', '2020-11-05 13:43:56', null);
INSERT INTO `consolidated_assets_liabilities` VALUES ('15', '2', '2017', '1', '214967999328', '148133201565', '66834797763', '18646095044', '0', '0', '0', '0', '196103905', '99610431730', '9766929541', '34552886331', '14143038242', '32256413538', '5814491641', '3717874635', '17467371455', '1020709311', '0', '602045597', '2174941527', '0', '516630135', '110391368', '65595006071', '1876728937', '0', '', '2020-11-05 13:57:09', '2020-11-05 14:04:26');
INSERT INTO `consolidated_assets_liabilities` VALUES ('16', '2', '2016', '1', '182369705049', '127446102258', '54923602790', '10701081645', '0', '0', '0', '0', '41781977', '95613130731', '9127336849', '29541466861', '10021885515', '29963355478', '2960534651', '1814945790', '17681655478', '581543756', '0', '0', '1384303560', '0', '597736633', '103913171', '53863951278', '3126302754', '0', '', '2020-11-05 14:03:58', null);
INSERT INTO `consolidated_assets_liabilities` VALUES ('17', '2', '2020', '3', '282701982872', '167543374813', '115158608059', '20437330880', '0', '1233576700', '0', '0', '0', '129557451439', '18847532103', '42541732032', '0', '0', '10547952005', '2551681224', '19177411773', '2829431660', '0', '0', '0', '0', '447233617', '10467387264', '113612599659', '3009179950', '0', '长期股权投资？？？', '2020-11-05 16:56:16', null);
INSERT INTO `consolidated_assets_liabilities` VALUES ('18', '2', '2020', '2', '274221770061', '157881976931', '116339793129', '18086420849', '0', '1579313619', '0', '0', '0', '130986600610', '18944531204', '37810786407', '0', '0', '13056612782', '2939464111', '18734023421', '3419787075', '0', '0', '0', '0', '448618082', '9905305812', '114752046055', '141021228', '0', '', '2020-11-05 17:01:46', null);
INSERT INTO `consolidated_assets_liabilities` VALUES ('19', '6', '2015', '1', '1850546582', '414942602', '1435603980', '184340000', '1590000', '68000000', '0', '0', '326699', '450215405', '0', '51850464', '595027', '39425724', '183747591', '5319878', '483335407', '3626554', '0', '0', '20000000', '0', '0', '3859674', '1291690200', '20732564', '0', '', '2020-11-05 20:40:40', null);
INSERT INTO `consolidated_assets_liabilities` VALUES ('20', '14', '2015', '1', '25639413845', '4941704112', '20697709732', '0', '0', '0', '2496947824', '0', '40958883', '10413561725', '0', '121306341', '4057278', '0', '889838246', '9213941', '10517079460', '792845419', '0', '0', '1800000', '0', '0', '2340329511', '20319604837', '439334060', '0', '', '2020-11-12 21:34:07', null);
INSERT INTO `consolidated_assets_liabilities` VALUES ('21', '14', '2016', '1', '26943645294', '4319493266', '22624152028', '0', '2497675189', '0', '0', '0', '43333332', '9966290920', '0', '149182907', '4601248', '0', '1029260090', '5133739', '9766249731', '3223811652', '0', '0', '1800000', '0', '0', '2362307905', '22296663407', '455441604', '0', '', '2020-11-12 21:38:32', null);
INSERT INTO `consolidated_assets_liabilities` VALUES ('22', '14', '2017', '1', '27547399506', '2066626537', '25480772969', '0', '0', '0', '0', '0', '0', '8763967286', '0', '286666292', '3176395', '0', '1188793935', '33526366', '9058773060', '5310375272', '0', '0', '1800000', '0', '0', '2737271871', '25132210190', '498869471', '0', '', '2020-11-12 21:42:05', null);
INSERT INTO `consolidated_assets_liabilities` VALUES ('23', '14', '2018', '1', '30928729156', '2294221760', '28634507396', '0', '0', '0', '0', '0', '0', '8765514059', '0', '454045341', '3136042', '0', '1314326982', '18945175', '8511568757', '8155808672', '0', '0', '18945175', '0', '0', '3244916132', '28246006325', '504846965', '0', '', '2020-11-12 21:46:21', null);
INSERT INTO `consolidated_assets_liabilities` VALUES ('24', '14', '2019', '1', '37171229055', '4721504328', '32449724727', '0', '0', '0', '0', '0', '0', '10359797684', '0', '574750388', '13905107', '0', '1662029290', '818861', '19768905640', '464950055', '0', '0', '0', '0', '0', '3929951753', '32004423802', '436802140', '0', '', '2020-11-12 21:53:06', null);
INSERT INTO `consolidated_assets_liabilities` VALUES ('25', '14', '2020', '3', '36007924881', '5421059634', '30586865247', '0', '0', '0', '0', '0', '0', '9539056168', '0', '783877019', '0', '0', '2003586548', '4382249', '19285441602', '413783851', '0', '0', '0', '0', '0', '3370448835', '30096340436', '426129540', '0', '', '2020-11-12 22:04:48', '2020-11-12 22:05:13');
INSERT INTO `consolidated_assets_liabilities` VALUES ('26', '14', '2020', '2', '34561372111', '4525685376', '30035686734', '0', '0', '0', '0', '0', '0', '8411445485', '0', '900898109', '0', '0', '2366759434', '6583440', '19036337614', '436438502', '0', '0', '0', '0', '0', '2752622220', '29744695981', '496301118', '0', '', '2020-11-12 22:14:50', null);
INSERT INTO `consolidated_assets_liabilities` VALUES ('27', '16', '2020', '2', '16525812552', '6308346269', '10217466283', '811810000', '206837897', '1780435681', '0', '3602853', '8862348', '3919323196', '0', '1802861733', '0', '0', '1409468720', '180006318', '1999374299', '503169637', '0', '0', '0', '0', '0', '813236', '9500029550', '424514963', '4121518035', '', '2020-11-13 18:10:40', '2020-11-13 18:55:05');
INSERT INTO `consolidated_assets_liabilities` VALUES ('28', '16', '2019', '1', '11894748817', '4872017392', '7022731424', '580000000', '309425508', '1635707931', '0', '0', '3349022', '1840179027', '0', '1091675823', '151452291', '0', '1179883411', '101987634', '1764606201', '361143314', '0', '0', '0', '0', '0', '964060', '6594041531', '412354682', '3097811227', '', '2020-11-13 18:30:58', '2020-11-13 20:27:52');
INSERT INTO `consolidated_assets_liabilities` VALUES ('29', '16', '2018', '1', '9626580345', '3656030824', '5970549520', '280000000', '115663095', '1319982037', '0', '0', '4655901', '1289905181', '0', '942611978', '92852461', '0', '882506512', '105902815', '1465284733', '202848414', '0', '0', '1522184837', '0', '0', '0', '5692813760', '280675823', '2383380148', '', '2020-11-13 18:31:03', '2020-11-13 20:27:48');
INSERT INTO `consolidated_assets_liabilities` VALUES ('30', '16', '2015', '1', '3256625248', '757420207', '2499205040', '0', '2648467', '174200000', '0', '1021701', '0', '720813783', '0', '360823776', '33419006', '0', '212586463', '71943902', '646094945', '82648939', '0', '0', '264361250', '0', '0', '0', '2395407231', '109422730', '985560192', '', '2020-11-13 20:17:29', null);
INSERT INTO `consolidated_assets_liabilities` VALUES ('31', '16', '2016', '1', '4065932526', '1128895551', '2937036974', '0', '1091250', '186058080', '0', '0', '713223', '775942621', '0', '420413985', '41795510', '0', '283865947', '91061559', '769094000', '13765930', '0', '0', '803386560', '0', '0', '0', '2781145390', '125545366', '1010319936', '', '2020-11-13 20:24:08', null);
INSERT INTO `consolidated_assets_liabilities` VALUES ('32', '16', '2017', '1', '9312830201', '3840783088', '5472047112', '0', '280348092', '1467120384', '0', '0', '7464138', '2560034448', '0', '710619969', '84928725', '0', '513715257', '129166330', '1131396738', '125602256', '0', '0', '1160833442', '0', '0', '0', '5216091489', '216843862', '1585984466', '', '2020-11-13 20:27:39', null);
INSERT INTO `consolidated_assets_liabilities` VALUES ('33', '4', '2015', '1', '4035625683', '936126317', '3099499366', '73000000', '253859916', '0', '0', '0', '115468', '833198603', '0', '131703523', '12213446', '399641288', '182527841', '111205065', '1529216071', '40686822', '0', '0', '0', '0', '0', '0', '2751646048', '145831198', '635310000', '', '2020-11-16 08:03:04', null);
INSERT INTO `consolidated_assets_liabilities` VALUES ('34', '4', '2016', '1', '4283686327', '762526731', '3521159596', '33000000', '0', '0', '0', '0', '58790', '715425677', '0', '159079149', '19316589', '400254049', '196315705', '113815136', '1576180289', '47393391', '0', '0', '0', '0', '0', '0', '3143457728', '163839514', '635310000', '', '2020-11-16 08:07:31', null);
INSERT INTO `consolidated_assets_liabilities` VALUES ('35', '4', '2017', '1', '4851047860', '872416329', '3978631530', '101000000', '0', '0', '0', '0', '155172', '661487147', '9800000', '215842621', '14219705', '367288166', '211227901', '131648723', '1811062201', '110753426', '0', '0', '0', '0', '0', '0', '3544414056', '181146273', '635310000', '', '2020-11-16 08:09:53', null);
INSERT INTO `consolidated_assets_liabilities` VALUES ('36', '4', '2018', '1', '6544543178', '1751882389', '4792660789', '86000000', '0', '0', '0', '0', '5718967', '1269423519', '0', '207211654', '20960843', '335203799', '238505437', '191504832', '1979296293', '35027799', '0', '60459000', '0', '0', '0', '0', '4294780896', '213206194', '745392304', '', '2020-11-16 08:13:29', null);
INSERT INTO `consolidated_assets_liabilities` VALUES ('37', '4', '2019', '1', '7044403911', '1662407586', '5381996324', '76115511', '0', '0', '0', '0', '0', '1578901455', '0', '213189082', '30654272', '0', '266968850', '141408359', '1988425017', '95723918', '0', '0', '0', '0', '0', '0', '4817992613', '227706136', '1080818841', '', '2020-11-16 08:16:16', null);
INSERT INTO `consolidated_assets_liabilities` VALUES ('38', '4', '2020', '2', '7068587674', '1525787037', '5542800636', '0', '0', '57075208', '0', '0', '0', '1970638981', '0', '203440833', '27879005', '0', '232627578', '131909159', '1906211782', '116247441', '0', '0', '0', '0', '0', '0', '4979380224', '222882495', '1080818841', '', '2020-11-16 08:29:02', null);
INSERT INTO `consolidated_assets_liabilities` VALUES ('39', '22', '2015', '1', '148193148754', '103255638051', '44937510703', '2867943556', '8807550231', '57301664444', '17241381284', '520445668', '295098252', '33015271236', '95288940', '8667906358', '409296124', '127940341', '3501076296', '1092101802', '79573103843', '4990907678', '0', '0', '1555254421', '0', '360286521', '15388445647', '24653325636', '1702074713', '10216274357', '', '2020-11-16 20:19:25', null);
INSERT INTO `consolidated_assets_liabilities` VALUES ('40', '22', '2016', '1', '119652733482', '82103864595', '37548868886', '3246917262', '6725343846', '29252955437', '17852399313', '363568612', '218633806', '32512220160', '26000000', '16772261521', '256741044', '253996000', '5931743755', '2468607890', '43573505381', '4846272582', '0', '0', '1662670143', '0', '195243708', '20430555750', '18323295777', '1213126510', '10216274357', '', '2020-11-16 20:22:07', null);
INSERT INTO `consolidated_assets_liabilities` VALUES ('41', '22', '2017', '1', '133190004778', '89479424870', '43710579907', '10939801787', '8626659533', '30037747029', '13385249325', '13385249325', '283094563', '26089745614', '122725000', '16310881141', '281503389', '297931800', '6195845520', '1684102227', '49114408122', '8279573675', '0', '0', '2366831803', '0', '192042436', '25862040316', '20669286170', '2067178129', '10216274357', '', '2020-11-16 20:24:36', null);
INSERT INTO `consolidated_assets_liabilities` VALUES ('42', '22', '2018', '1', '228143804963', '171790915611', '56352889351', '48220619222', '9106629748', '47051666787', '17828847537', '15363683361', '660814944', '33994971789', '57500000', '20039357757', '60212162', '289594090', '8718739021', '2443270371', '109462615747', '5804171107', '0', '0', '0', '0', '2372365255', '28877466227', '22886213478', '2410826057', '10216274357', '', '2020-11-16 20:28:24', null);
INSERT INTO `consolidated_assets_liabilities` VALUES ('43', '22', '2019', '1', '262224029547', '193098792896', '69125236651', '14752031130', '18534537041', '79503473505', '13018366997', '3376437', '635051645', '50329691977', '167900000', '21634298491', '44517582', '297656608', '8533327714', '2265945112', '101111679003', '2958401356', '0', '0', '0', '0', '2328980776', '30762564026', '35359676133', '3076622392', '12259529227', '', '2020-11-16 20:31:58', null);
INSERT INTO `consolidated_assets_liabilities` VALUES ('44', '21', '2018', '1', '61494221583', '33640780678', '27853440905', '2231743549', '1166302753', '8473129636', '3497076575', '656231579', '134333264', '15528432818', '0', '9056129695', '0', '555923514', '10417568351', '2090854225', '11942099732', '1997349529', '0', '0', '0', '0', '2478006337', '6973522714', '23236402371', '1470491147', '6049166644', '', '2020-11-17 17:40:27', null);
INSERT INTO `consolidated_assets_liabilities` VALUES ('45', '21', '2019', '1', '61886407948', '31634928731', '30251479217', '1202384395', '3268689764', '5026139244', '3419486443', '197265698', '26339510', '10475499824', '0', '9147046027', '0', '18389129', '10114964014', '2246807826', '12472503554', '2154496943', '0', '0', '0', '0', '2384160216', '9368359302', '28438616352', '1589693735', '7400803875', '', '2020-11-17 19:10:06', null);
INSERT INTO `consolidated_assets_liabilities` VALUES ('46', '21', '2020', '2', '65408199465', '34078728534', '31329470930', '2141936125', '8300686599', '2552179885', '0', '187303173', '29175897', '9813171193', '169085058', '10868291246', '0', '14828495', '13004673157', '2972193479', '12242155533', '2426980492', '0', '0', '0', '0', '2367611431', '7185459910', '29550608756', '1532886886', '7400803875', '', '2020-11-17 19:14:41', null);
INSERT INTO `consolidated_assets_liabilities` VALUES ('47', '34', '2015', '1', '105781391621', '31869820913', '73911570708', '859871964', '7585376010', '2246400640', '8493280974', '0', '346408998', '14471446152', '0', '3904053518', '1355100411', '4495183746', '422052404', '442277513', '61695521297', '1571510183', '1060360897', '0', '3249600352', '0', '40155656', '2975436986', '70491887946', '582762431', '5299302579', '', '2020-11-18 14:38:32', null);
INSERT INTO `consolidated_assets_liabilities` VALUES ('48', '34', '2016', '1', '109514120965', '29215349483', '80298771482', '1275213970', '3262417814', '5447249980', '5995858648', '0', '131609050', '15585983488', '0', '4379278388', '1550141571', '6511093870', '654679046', '581050657', '62278022164', '1521041533', '1050911833', '0', '2935176878', '0', '27966832', '3315428492', '76608921127', '724510019', '5299302579', '', '2020-11-18 14:42:16', null);
INSERT INTO `consolidated_assets_liabilities` VALUES ('49', '34', '2017', '1', '122142584596', '30178477236', '91964107360', '934810900', '4685265140', '4860480971', '3498461258', '0', '118391286', '24759779144', '0', '4986281006', '2143823124', '11127342544', '1059713200', '801888763', '59667633436', '2364219125', '1329498764', '2306632', '461408780', '0', '36466164', '2790763160', '89406295319', '1030652032', '5299302579', '', '2020-11-18 14:46:16', null);
INSERT INTO `consolidated_assets_liabilities` VALUES ('50', '34', '2018', '1', '149547352039', '33129478712', '116417873327', '1376933268', '2751237021', '2606582305', '3498750180', '0', '0', '37619107062', '0', '6395728639', '0', '9067583799', '1232637935', '2108931491', '60320463517', '3458400315', '0', '0', '0', '0', '64949854', '3181990116', '112688915670', '1246100404', '5299302579', '', '2020-11-18 14:48:51', '2020-11-18 14:58:54');
INSERT INTO `consolidated_assets_liabilities` VALUES ('51', '34', '2019', '1', '178777181536', '36456732556', '142320448980', '2941698150', '1433749770', '3871291872', '3498053867', '458132294', '0', '54977077591', '0', '7303645233', '0', '8375401956', '1273619922', '2692415606', '58858416078', '6237843095', '0', '0', '0', '0', '85734294', '3820612569', '137361682179', '1480291712', '5299302579', '', '2020-11-18 14:52:09', '2020-11-18 14:59:32');
INSERT INTO `consolidated_assets_liabilities` VALUES ('52', '34', '2020', '2', '196664949022', '39051828058', '157613120964', '4543735599', '1155713604', '3857185461', '3498291250', '186452100', '202870964', '65742977284', '0', '7257408863', '0', '8585015338', '1541815706', '4703140003', '62240741726', '5301457587', '0', '0', '0', '0', '83900938', '4109409298', '151525161827', '854591223', '5299302579', '', '2020-11-18 15:08:37', null);
INSERT INTO `consolidated_assets_liabilities` VALUES ('53', '36', '2015', '1', '152592894442', '74242064623', '78350829819', '5091974830', '2283535113', '36341198145', '0', '0', '348173849', '38866861836', '343277037', '9849935031', '386538903', '362053092', '8192514361', '226447504', '63565099405', '18645461692', '0', '0', '454096246', '0', '1227099427', '1260302959', '77485275564', '1092103138', '35153067743', '', '2020-11-18 17:57:04', null);
INSERT INTO `consolidated_assets_liabilities` VALUES ('54', '36', '2016', '1', '205135011042', '113118955882', '92016055160', '4916965507', '3684236935', '49885166211', '9956719508', '1261446565', '676358748', '58152817223', '640262461', '13835615665', '548942714', '1369836650', '16191791617', '708511473', '69947586967', '33008248720', '0', '0', '622502556', '0', '1192932896', '1356111395', '78699988493', '1542852266', '35153067743', '', '2020-11-18 18:00:02', null);
INSERT INTO `consolidated_assets_liabilities` VALUES ('55', '36', '2017', '1', '256108741849', '151824479016', '104284262833', '3249736430', '9109708511', '78973633010', '9966467496', '1176250982', '847955186', '57128659576', '543798835', '16205788698', '781324522', '833268127', '15513763252', '587126751', '88625296761', '50761250426', '0', '0', '859899356', '0', '1296662205', '6928854415', '84809816377', '2217066944', '34798398763', '', '2020-11-18 18:03:43', null);
INSERT INTO `consolidated_assets_liabilities` VALUES ('56', '36', '2018', '1', '304028491385', '183671193824', '120357297561', '5449954885', '5597563204', '94780077864', '10288666233', '1416092239', '0', '51481539711', '0', '22805065888', '1218934743', '0', '20537462095', '770633448', '128157730995', '56423354887', '0', '0', '734022359', '0', '1283867651', '2389166886', '85856748703', '2224931171', '34798398763', '', '2020-11-18 18:14:52', null);
INSERT INTO `consolidated_assets_liabilities` VALUES ('57', '36', '2019', '1', '340412203308', '199354506334', '141057696974', '6366717121', '18849281019', '107730595615', '387878384', '387878384', '0', '56972723239', '2028917980', '21183567553', '1260732785', '331145492', '18135687806', '626985706', '125786241938', '87376782527', '0', '0', '0', '0', '1241242850', '2718037934', '95058129055', '2373745454', '34798398763', '', '2020-11-18 18:17:20', null);
INSERT INTO `consolidated_assets_liabilities` VALUES ('58', '36', '2020', '2', '363168000656', '209619957871', '153548042785', '4240667951', '24916426330', '107860877820', '408394604', '1006027147', '489675323', '62338112869', '727826836', '25347767660', '2733395727', '222062722', '25674013316', '726343577', '167494871440', '53901883532', '0', '0', '0', '0', '1208688308', '3406202480', '101109228915', '3256850569', '34798398763', '', '2020-11-18 18:22:55', null);
INSERT INTO `consolidated_assets_liabilities` VALUES ('59', '40', '2015', '1', '5207681988', '853300224', '4354381764', '0', '0', '0', '0', '0', '0', '3032481654', '0', '642064109', '3150740', '16122739', '929489572', '10512279', '861806823', '1837666', '0', '0', '0', '0', '0', '0', '4354381764', '102513091', '489000000', '', '2020-11-19 21:21:29', null);
INSERT INTO `consolidated_assets_liabilities` VALUES ('60', '40', '2016', '1', '5796338568', '1049475765', '4746862802', '0', '0', '0', '0', '0', '0', '3402084142', '0', '735805406', '4582431', '21340564', '1010809884', '2528994', '858737626', '18532821', '0', '71984157', '7500000', '0', '0', '0', '4746862802', '82530026', '498453200', '', '2020-11-19 21:24:17', null);
INSERT INTO `consolidated_assets_liabilities` VALUES ('61', '40', '2017', '1', '5559652358', '925676518', '4633975840', '0', '0', '0', '0', '0', '0', '2602786492', '0', '682735187', '6559276', '7799813', '1034826130', '3946169', '862151501', '20669961', '0', '122045870', '7500000', '0', '0', '0', '4633975840', '66172145', '998025883', '', '2020-11-19 21:26:59', null);
INSERT INTO `consolidated_assets_liabilities` VALUES ('62', '40', '2018', '1', '5408561519', '940250052', '4468311467', '0', '0', '0', '0', '0', '0', '1836989082', '0', '683348908', '10788035', '11800851', '1255282229', '3962694', '924391159', '42337048', '0', '17896988', '7500000', '0', '0', '0', '4468311467', '69714053', '997778478', '', '2020-11-19 21:32:12', null);
INSERT INTO `consolidated_assets_liabilities` VALUES ('63', '40', '2019', '1', '4394148318', '827733889', '3566414428', '0', '0', '0', '0', '0', '0', '1554888374', '36411234', '638231662', '5645705', '37136571', '969708269', '4416868', '4416868', '2835452', '0', '0', '0', '0', '0', '0', '3566414428', '65081086', '998292105', '', '2020-11-19 21:34:38', null);
INSERT INTO `consolidated_assets_liabilities` VALUES ('64', '41', '2015', '1', '616108242188', '474371143708', '141737098479', '4721631540', '0', '2912210359', '72833198286', '0', '3242287644', '179318615528', '0', '31539832054', '0', '0', '13937842495', '0', '3319681320', '536439458', '0', '136792397972', '92135085052', '0', '70921349', '4484163966', '139137786996', '9686035540', '12116908400', '客户存款116,139,213,405.77', '2020-11-20 13:25:21', '2020-11-20 15:43:50');
INSERT INTO `consolidated_assets_liabilities` VALUES ('65', '41', '2016', '1', '597438839244', '451650169507', '145788669736', '3479478324', '0', '1121187684', '70552174727', '0', '2423119326', '132856671386', '0', '26466860904', '0', '0', '23123244132', '0', '3659470345', '263790404', '0', '159618951036', '84878505032', '0', '68148295', '3973851090', '142695945757', '9536565937', '12116908400', '客户存款100,994,211,589.99', '2020-11-20 15:43:29', null);
INSERT INTO `consolidated_assets_liabilities` VALUES ('66', '41', '2017', '1', '625574643890', '472432085067', '153142558823', '5991451221', '0', '1122187684', '106219663490', '0', '3031683810', '98816283657', '0', '21431582957', '0', '0', '21661634482', '0', '7902967736', '361591235', '0', '116139213405', '59226931955', '0', '871553553', '8585548406', '149799046146', '11599263746', '12116908400', '69,477,475,255.31', '2020-11-20 15:47:17', null);
INSERT INTO `consolidated_assets_liabilities` VALUES ('67', '41', '2018', '1', '653132717498', '496301221152', '156831496346', '5656709801', '0', '1489905998', '116591701263', '0', '0', '119725173129', '0', '37941931903', '0', '0', '29717774627', '0', '7729621832', '7729621832', '0', '0', '0', '0', '1332507853', '9038295004', '153140769241', '12093993623', '12116908400', '74,291,186,400.60', '2020-11-20 16:03:16', '2020-11-20 17:10:05');
INSERT INTO `consolidated_assets_liabilities` VALUES ('68', '41', '2019', '1', '791722429235', '626272636962', '165449792273', '7404904947', '0', '383333834', '126010977854', '0', '0', '150151768382', '0', '42208491987', '0', '0', '29067859326', '0', '1254733414', '1254733414', '0', '0', '0', '0', '1254733414', '9001082583', '161625208721', '14608233936', '12116908400', '95,416,860,960.62', '2020-11-20 16:06:02', '2020-11-20 17:09:13');
INSERT INTO `consolidated_assets_liabilities` VALUES ('69', '41', '2020', '2', '1044135534673', '860348831446', '183786703227', '13260176177', '0', '968054833', '157804570447', '0', '0', '200122211782', '0', '104228863324', '0', '0', '50692427395', '0', '7171039465', '312540670', '0', '0', '0', '0', '1114288343', '8823612859', '179745543035', '16576124544', '12926776029', '135,603,038,623.19', '2020-11-20 16:33:46', null);
INSERT INTO `consolidated_assets_liabilities` VALUES ('70', '42', '2017', '1', '205883392442', '161884614231', '43998778210', '2050817050', '0', '0', '30872760581', '0', '1435456349', '41721594631', '0', '3004143194', '0', '0', '1369856122', '0', '49647908', '0', '0', '32649098564', '39581791103', '578568507', '49647908', '206292443', '43754078534', '2591642829', '7246385238', '客户资金存款33,746,478,376.74', '2020-11-20 17:41:58', null);
INSERT INTO `consolidated_assets_liabilities` VALUES ('71', '42', '2018', '1', '195082313194', '147218916428', '47863396766', '1118475203', '0', '0', '44852709182', '0', '0', '43126477585', '0', '2708319449', '0', '0', '1440037505', '0', '451375984', '0', '0', '0', '0', '0', '47742402', '162713397', '47577246337', '2340802814', '7646385238', '29,288,008,293.61', '2020-11-20 17:44:27', null);
INSERT INTO `consolidated_assets_liabilities` VALUES ('72', '42', '2019', '1', '285669623807', '228774889954', '56894733852', '889011601', '0', '0', '56884569243', '0', '0', '90254671089', '0', '4108554831', '0', '0', '2136865676', '0', '503438392', '0', '0', '0', '0', '0', '49438121', '269512205', '56581919227', '2703648312', '7646385238', '47,315,066,799.97', '2020-11-20 17:48:10', null);
INSERT INTO `consolidated_assets_liabilities` VALUES ('73', '42', '2020', '2', '353800408439', '291737476809', '62062931629', '2785116748', '0', '0', '57349425109', '0', '0', '78899523120', '0', '7040258460', '0', '0', '6605434864', '0', '461961075', '0', '0', '0', '0', '0', '57009621', '302918170', '61730887976', '3452462554', '7646385238', '51,732,598,081.17', '2020-11-20 17:50:43', '2020-11-20 17:58:39');
INSERT INTO `consolidated_assets_liabilities` VALUES ('74', '45', '2015', '1', '452614615317', '371085844614', '81528770702', '688321600', '0', '484985041', '72372177624', '0', '2692344618', '135134061740', '0', '7435329288', '0', '0', '621553847', '0', '2617871780', '761146125', '0', '131238108713', '38118720503', '5000000', '1301531373', '2673833742', '80784924864', '2807786387', '7162768800', '客户存款98,427,446,720.03', '2020-11-20 19:55:09', null);
INSERT INTO `consolidated_assets_liabilities` VALUES ('75', '45', '2016', '1', '401450397626', '315790201124', '85660196502', '460255000', '0', '0', '75847816422', '0', '2155235927', '113667317096', '0', '6827815809', '0', '0', '991412621', '0', '3504409930', '63040686', '0', '83107232026', '43736561642', '5000000', '1130267653', '43736561642', '84357456362', '2517089820', '7162768800', '68,437,285,408.40', '2020-11-20 19:58:38', null);
INSERT INTO `consolidated_assets_liabilities` VALUES ('76', '45', '2017', '1', '381482539816', '292892627415', '88589912401', '0', '0', '0', '77198275760', '0', '2382951060', '76898221871', '0', '6445349539', '0', '0', '1980336802', '0', '3677983819', '59487007', '0', '84550421345', '44583168305', '0', '844705410', '8895908045', '87335937716', '2668777480', '7162768800', '49,872,092,078.72', '2020-11-20 20:01:57', null);
INSERT INTO `consolidated_assets_liabilities` VALUES ('77', '45', '2018', '1', '368665874058', '263916270129', '104749603929', '3015790687', '0', '1698768893', '62890730583', '0', '0', '71102643314', '0', '7476963437', '0', '0', '3090165422', '0', '3499127756', '49025690', '0', '0', '0', '0', '586333637', '13177660861', '103393576924', '7915032953', '8251500000', '42,902,018,376.63', '2020-11-20 20:05:19', null);
INSERT INTO `consolidated_assets_liabilities` VALUES ('78', '45', '2019', '1', '562180638301', '436525930129', '125654708172', '5724131184', '0', '850996762', '64616357877', '0', '0', '117098117885', '0', '11311169937', '0', '0', '5511167782', '0', '3669141548', '29969286', '0', '0', '0', '0', '527089181', '15639004959', '122537479427', '8934386467', '9076650000', '67,244,929,390.74', '2020-11-20 20:08:27', null);
INSERT INTO `consolidated_assets_liabilities` VALUES ('79', '45', '2020', '2', '692130926929', '561777222785', '130353704143', '15581365629', '0', '830379886', '80741171662', '0', '0', '131020375654', '0', '38652467554', '0', '0', '6334315670', '0', '3649474335', '48699486', '0', '0', '0', '0', '422452139', '16969323302', '127091989092', '9877976933', '9076650000', '83,466,926,106.24', '2020-11-20 20:11:57', null);
INSERT INTO `consolidated_assets_liabilities` VALUES ('80', '52', '2017', '1', '11190111419', '3853204723', '7336906696', '0', '0', '0', '0', '0', '0', '560581595', '354354876', '222639161', '2830888671', '0', '17693770', '97031751', '660536211', '37975736', '0', '0', '80000000', '0', '0', '1109501446', '7336906696', '32971615', '495000000', '', '2020-11-22 14:35:23', null);
INSERT INTO `consolidated_assets_liabilities` VALUES ('81', '52', '2018', '1', '15292066900', '3322003895', '11970063005', '0', '0', '0', '0', '0', '0', '3878307795', '0', '518329852', '2424944397', '0', '37552609', '194389475', '631025554', '68372087', '0', '0', '80000000', '0', '0', '1094624086', '11970063005', '39994899', '753270000', '', '2020-11-22 14:39:09', null);
INSERT INTO `consolidated_assets_liabilities` VALUES ('82', '52', '2019', '1', '15110238657', '2696773809', '12413464847', '0', '0', '0', '0', '0', '0', '486637537', '236792841', '329650262', '1694604458', '0', '43547929', '175823641', '754536480', '89005157', '0', '0', '0', '0', '0', '1131583341', '12413464847', '41705443', '1054578000', '', '2020-11-22 14:42:17', null);
INSERT INTO `consolidated_assets_liabilities` VALUES ('83', '52', '2020', '2', '12632507200', '1181383204', '11451123996', '0', '0', '0', '0', '0', '0', '151275444', '156319684', '206567271', '268790981', '0', '35160407', '75479739', '775239779', '151957114', '0', '0', '0', '0', '0', '1285753124', '11451123996', '36031927', '1265493600', '', '2020-11-22 14:50:58', null);

-- ----------------------------
-- Table structure for important_target
-- ----------------------------
DROP TABLE IF EXISTS `important_target`;
CREATE TABLE `important_target` (
  `id` int(11) NOT NULL AUTO_INCREMENT,
  `company_id` int(11) NOT NULL COMMENT '公司详情表主键',
  `year` int(4) NOT NULL COMMENT '年份',
  `report_type` int(1) NOT NULL DEFAULT '1' COMMENT '1-年报 2-第三季度报 3-半年报 4-第一季度报',
  `tp1` int(4) NOT NULL COMMENT '指标表tp1',
  `tp2` int(4) NOT NULL COMMENT '指标表tp2',
  `tp3` int(4) NOT NULL COMMENT '指标表tp3',
  `tp4` int(4) NOT NULL COMMENT '指标表tp4',
  `tp5` int(4) NOT NULL COMMENT '指标表tp5',
  `tp6` int(4) NOT NULL COMMENT '指标表tp6',
  `tp7` int(4) NOT NULL COMMENT '指标表tp7',
  `tp8` int(4) NOT NULL COMMENT '指标表tp8',
  `ta1` bigint(20) NOT NULL COMMENT '指标表ta1',
  `ta2` decimal(8,2) NOT NULL DEFAULT '0.00' COMMENT '指标表ta2',
  `remark` varchar(500) DEFAULT NULL COMMENT '备注',
  `create_time` datetime NOT NULL COMMENT '创建时间',
  `update_time` datetime DEFAULT NULL COMMENT '更新时间',
  PRIMARY KEY (`id`)
) ENGINE=InnoDB AUTO_INCREMENT=6 DEFAULT CHARSET=utf8mb4 COMMENT='重要指标表';

-- ----------------------------
-- Records of important_target
-- ----------------------------
INSERT INTO `important_target` VALUES ('1', '1', '2015', '1', '784', '13608', '6880', '1687', '397', '0', '3624', '6243', '0', '210.00', null, '2020-11-27 17:27:03', '2020-11-27 20:48:57');
INSERT INTO `important_target` VALUES ('2', '1', '2016', '1', '912', '-3653', '6181', '2036', '565', '2932', '3201', '6351', '76999', '0.00', null, '2020-11-27 17:28:00', '2020-11-27 19:49:50');
INSERT INTO `important_target` VALUES ('3', '1', '2017', '1', '678', '15659', '6633', '1901', '511', '236', '2862', '65637', '78050', '0.00', null, '2020-11-27 17:28:06', '2020-11-27 19:49:25');
INSERT INTO `important_target` VALUES ('4', '1', '2018', '1', '458', '45043', '6881', '1640', '326', '2279', '2743', '14820', '88576', '0.00', null, '2020-11-27 17:28:09', '2020-11-27 19:48:29');
INSERT INTO `important_target` VALUES ('5', '1', '2019', '1', '258', '91307', '6800', '1629', '181', '-178', '3073', '27184', '88339', '0.00', null, '2020-11-27 17:28:12', '2020-11-27 19:46:47');

-- ----------------------------
-- Table structure for liabilities_statistics
-- ----------------------------
DROP TABLE IF EXISTS `liabilities_statistics`;
CREATE TABLE `liabilities_statistics` (
  `id` int(11) NOT NULL AUTO_INCREMENT,
  `company_id` int(11) NOT NULL COMMENT '公司详情表主键',
  `year` int(4) NOT NULL COMMENT '年份',
  `report_type` int(1) NOT NULL COMMENT '参考标准 1-年报 2-第三季度报 3-半年报 4-第一季度报',
  `total_assets` bigint(20) NOT NULL COMMENT '总资产',
  `total_assets_growth_rate` int(8) NOT NULL COMMENT '总资产增速',
  `total_liabilities_in_report_type` int(8) NOT NULL COMMENT '资产负债率-负债合计占总资产比',
  `total_liabilities_growth_rate` int(8) NOT NULL COMMENT '负债合计增速',
  `share_holder_equity_growth_rate` int(8) NOT NULL COMMENT '股东权益合计增速',
  `interest_bearing_liabilities` bigint(20) NOT NULL DEFAULT '0' COMMENT '有息负债总额 = 短期负债 + 一年内到期的非流动负债 + 长期借款 + 应付债券 + 长期应付款 + 应付利息',
  `Industry_status_one` bigint(20) NOT NULL COMMENT '行业地位指标1 应付票据 + 应付账款 + 预收款项 - 应收票据 - 应收账款 - 预付款项 ',
  `monetary_capital` bigint(20) NOT NULL COMMENT '货币资金',
  `receivable_money_in_report_type` int(8) NOT NULL COMMENT '应收账款占总资产比',
  `fixed_assets_total_in_report_type` int(8) NOT NULL COMMENT '固定资产总和(固定资产+在建工程+工程物资)占总资产比',
  `investment_in_report_type` int(8) NOT NULL COMMENT '投资资产占总资产比',
  `shares_value` decimal(8,2) NOT NULL DEFAULT '0.00' COMMENT '每股净资产',
  `remark` varchar(100) DEFAULT NULL COMMENT '备注',
  `create_time` datetime NOT NULL COMMENT '创建时间',
  `update_time` datetime DEFAULT NULL COMMENT '更新时间',
  PRIMARY KEY (`id`),
  UNIQUE KEY `idx_0` (`company_id`,`year`,`report_type`) USING BTREE
) ENGINE=InnoDB AUTO_INCREMENT=82 DEFAULT CHARSET=utf8mb4 COMMENT='资产负债表统计指标';

-- ----------------------------
-- Records of liabilities_statistics
-- ----------------------------
INSERT INTO `liabilities_statistics` VALUES ('1', '1', '2016', '1', '145070778000', '2562', '6181', '1284', '5379', '42460489000', '-11241917000', '7693666000', '2879', '3201', '222', '18.79', null, '2020-11-02 23:20:27', '2020-11-04 13:33:44');
INSERT INTO `liabilities_statistics` VALUES ('2', '1', '2017', '1', '178099430000', '2277', '6633', '3176', '821', '56685559000', '-14728616000', '9902690000', '2913', '2862', '239', '20.16', null, '2020-11-02 23:17:34', '2020-11-04 13:33:19');
INSERT INTO `liabilities_statistics` VALUES ('3', '1', '2018', '1', '194571077000', '925', '6881', '1332', '123', '59585842000', '-11130194000', '13052095000', '399', '2743', '5', '20.23', null, '2020-11-02 23:00:56', '2020-11-03 12:31:02');
INSERT INTO `liabilities_statistics` VALUES ('4', '1', '2019', '1', '195641593000', '55', '6800', '-63', '314', '71556498000', '-15135767000', '12650083000', '358', '3073', '5', '20.81', null, '2020-11-02 20:34:06', '2020-11-03 12:31:00');
INSERT INTO `liabilities_statistics` VALUES ('5', '1', '2015', '1', '115485755000', '0', '6880', '0', '0', '37835454000', '5371831000', '6596426000', '1863', '3624', '266', '11.84', null, '2020-11-02 23:23:02', '2020-11-04 13:34:15');
INSERT INTO `liabilities_statistics` VALUES ('6', '1', '2020', '2', '196799017000', '59', '6552', '-308', '840', '59856105000', '1320952000', '13181897000', '1977', '3085', '0', '21.91', null, '2020-11-03 12:39:46', null);
INSERT INTO `liabilities_statistics` VALUES ('7', '1', '2019', '2', '195641593000', '0', '6800', '0', '0', '71556498000', '-8126388000', '12650083000', '2246', '3073', '0', '20.81', null, '2020-11-03 12:39:48', null);
INSERT INTO `liabilities_statistics` VALUES ('8', '1', '2019', '3', '195641593000', '0', '6800', '0', '0', '70996300000', '-8126388000', '12650083000', '2246', '3073', '5', '20.81', null, '2020-11-03 12:39:54', null);
INSERT INTO `liabilities_statistics` VALUES ('9', '1', '2020', '3', '197636405000', '102', '6599', '-197', '737', '58922133000', '10383867000', '13241316000', '2222', '3049', '0', '21.97', null, '2020-11-03 12:39:56', null);
INSERT INTO `liabilities_statistics` VALUES ('10', '2', '2019', '1', '282972157415', '1263', '6040', '783', '2085', '15991062345', '64258786157', '125400715267', '301', '762', '267', '18.31', null, '2020-11-05 13:30:36', '2020-11-05 13:33:48');
INSERT INTO `liabilities_statistics` VALUES ('11', '2', '2018', '1', '251234157276', '1687', '6310', '701', '3872', '22067750002', '13841738295', '113079030368', '306', '798', '238', '15.18', null, '2020-11-05 13:31:58', '2020-11-05 14:04:22');
INSERT INTO `liabilities_statistics` VALUES ('12', '2', '2015', '1', '161698016315', '0', '6996', '0', '0', '6325046845', '21234555370', '88819798560', '178', '1081', '204', '7.90', null, '2020-11-05 13:43:56', null);
INSERT INTO `liabilities_statistics` VALUES ('13', '2', '2017', '1', '214967999328', '1787', '6891', '1623', '2169', '18842198949', '16674074300', '99610431730', '270', '860', '158', '10.90', null, '2020-11-05 13:57:09', '2020-11-05 14:04:26');
INSERT INTO `liabilities_statistics` VALUES ('14', '2', '2016', '1', '182369705049', '1278', '6988', '1265', '1309', '10742863622', '13951853306', '95613130731', '162', '1001', '114', '8.95', null, '2020-11-05 14:03:58', null);
INSERT INTO `liabilities_statistics` VALUES ('15', '2', '2020', '3', '282701982872', '0', '5927', '0', '0', '21670907580', '48289630906', '129557451439', '373', '778', '386', '18.89', null, '2020-11-05 16:56:16', null);
INSERT INTO `liabilities_statistics` VALUES ('16', '2', '2020', '2', '274221770061', '0', '5757', '0', '0', '19665734468', '40759240718', '130986600610', '476', '808', '378', '19.07', null, '2020-11-05 17:01:46', null);
INSERT INTO `liabilities_statistics` VALUES ('17', '6', '2015', '1', '1850546582', '0', '2242', '0', '0', '254256699', '-176047702', '450215405', '993', '2631', '129', '2.12', null, '2020-11-05 20:40:40', null);
INSERT INTO `liabilities_statistics` VALUES ('18', '14', '2015', '1', '25639413845', '0', '1927', '0', '0', '2537906707', '-773688568', '10413561725', '347', '4411', '913', '10.54', null, '2020-11-12 21:34:07', null);
INSERT INTO `liabilities_statistics` VALUES ('19', '14', '2016', '1', '26943645294', '509', '1603', '-1259', '931', '2541008521', '-880609674', '9966290920', '382', '4821', '877', '11.57', null, '2020-11-12 21:38:32', null);
INSERT INTO `liabilities_statistics` VALUES ('20', '14', '2017', '1', '27547399506', '224', '750', '-5216', '1263', '0', '-932477614', '8763967286', '432', '5216', '994', '13.04', null, '2020-11-12 21:42:05', null);
INSERT INTO `liabilities_statistics` VALUES ('21', '14', '2018', '1', '30928729156', '1227', '742', '1101', '1238', '0', '-876090774', '8765514059', '425', '5389', '1055', '14.66', null, '2020-11-12 21:46:21', null);
INSERT INTO `liabilities_statistics` VALUES ('22', '14', '2019', '1', '37171229055', '2018', '1270', '10580', '1332', '0', '-1074192656', '10359797684', '447', '5443', '1057', '16.61', null, '2020-11-12 21:53:06', null);
INSERT INTO `liabilities_statistics` VALUES ('23', '14', '2020', '3', '36007924881', '0', '1506', '0', '0', '0', '-1224091778', '9539056168', '556', '5471', '936', '15.62', null, '2020-11-12 22:04:48', '2020-11-12 22:05:13');
INSERT INTO `liabilities_statistics` VALUES ('24', '14', '2020', '2', '34561372111', '0', '1309', '0', '0', '0', '-1472444765', '8411445485', '685', '5634', '796', '15.44', null, '2020-11-12 22:14:50', null);
INSERT INTO `liabilities_statistics` VALUES ('25', '16', '2020', '2', '16525812552', '0', '3817', '0', '0', '2811548779', '213386695', '3919323196', '853', '1514', '0', '2.30', null, '2020-11-13 18:10:40', '2020-11-13 18:55:05');
INSERT INTO `liabilities_statistics` VALUES ('26', '16', '2019', '1', '11894748817', '2356', '4096', '3326', '1762', '2528482461', '-38742931', '1840179027', '992', '1787', '1', '2.13', null, '2020-11-13 18:30:58', '2020-11-13 20:27:52');
INSERT INTO `liabilities_statistics` VALUES ('27', '16', '2018', '1', '9626580345', '337', '3798', '-481', '911', '1720301033', '47055112', '1289905181', '917', '1733', '1581', '2.39', null, '2020-11-13 18:31:03', '2020-11-13 20:27:48');
INSERT INTO `liabilities_statistics` VALUES ('28', '16', '2015', '1', '3256625248', '0', '2326', '0', '0', '177870168', '109712417', '720813783', '653', '2238', '812', '2.43', null, '2020-11-13 20:17:30', null);
INSERT INTO `liabilities_statistics` VALUES ('29', '16', '2016', '1', '4065932526', '2485', '2776', '4904', '1752', '187862553', '87281989', '775942621', '698', '1925', '1976', '2.75', null, '2020-11-13 20:24:08', null);
INSERT INTO `liabilities_statistics` VALUES ('30', '16', '2017', '1', '9312830201', '12905', '4124', '24022', '8631', '1754932614', '152667107', '2560034448', '552', '1350', '1246', '3.29', null, '2020-11-13 20:27:39', null);
INSERT INTO `liabilities_statistics` VALUES ('31', '4', '2015', '1', '4035625683', '0', '2320', '0', '0', '326975384', '-549457225', '833198603', '452', '3890', '0', '4.33', null, '2020-11-16 08:03:04', null);
INSERT INTO `liabilities_statistics` VALUES ('32', '4', '2016', '1', '4283686327', '615', '1780', '-1854', '1360', '33058790', '-531989152', '715425677', '458', '3790', '0', '4.95', null, '2020-11-16 08:07:31', null);
INSERT INTO `liabilities_statistics` VALUES ('33', '4', '2017', '1', '4851047860', '1324', '1798', '1441', '1299', '101155172', '-470302464', '661487147', '435', '3962', '0', '5.58', null, '2020-11-16 08:09:53', null);
INSERT INTO `liabilities_statistics` VALUES ('34', '4', '2018', '1', '6544543178', '3491', '2677', '10081', '2046', '91718967', '-537041571', '1269423519', '364', '3078', '92', '5.76', null, '2020-11-16 08:13:29', null);
INSERT INTO `liabilities_statistics` VALUES ('35', '4', '2019', '1', '7044403911', '764', '2360', '-511', '1230', '76115511', '-164533855', '1578901455', '379', '2959', '0', '4.46', null, '2020-11-16 08:16:16', null);
INSERT INTO `liabilities_statistics` VALUES ('36', '4', '2020', '2', '7068587674', '0', '2159', '0', '0', '57075208', '-133216899', '1970638981', '329', '2861', '0', '4.61', null, '2020-11-16 08:29:02', null);
INSERT INTO `liabilities_statistics` VALUES ('37', '22', '2015', '1', '148193148754', '0', '6968', '0', '0', '87034083435', '4451372983', '33015271236', '236', '5706', '1168', '2.41', null, '2020-11-16 20:19:25', null);
INSERT INTO `liabilities_statistics` VALUES ('38', '22', '2016', '1', '119652733482', '-1926', '6862', '-2048', '-1644', '57659818276', '8400654920', '32512220160', '496', '4047', '1863', '1.79', null, '2020-11-16 20:22:07', null);
INSERT INTO `liabilities_statistics` VALUES ('39', '22', '2017', '1', '133190004778', '1131', '6718', '898', '1641', '76657801562', '8537229983', '26089745614', '465', '4309', '2134', '2.02', null, '2020-11-16 20:24:36', null);
INSERT INTO `liabilities_statistics` VALUES ('40', '22', '2018', '1', '228143804963', '7129', '7530', '9199', '2892', '138232261599', '8705466437', '33994971789', '382', '5052', '1370', '2.24', null, '2020-11-16 20:28:24', null);
INSERT INTO `liabilities_statistics` VALUES ('41', '22', '2019', '1', '262224029547', '1494', '7364', '1240', '2266', '126446836755', '10749786639', '50329691977', '325', '3969', '1262', '2.88', null, '2020-11-16 20:31:58', null);
INSERT INTO `liabilities_statistics` VALUES ('42', '21', '2018', '1', '61494221583', '0', '5471', '0', '0', '16158817356', '-4008216395', '15528432818', '1694', '2267', '1537', '3.84', null, '2020-11-17 17:40:27', null);
INSERT INTO `liabilities_statistics` VALUES ('43', '21', '2019', '1', '61886407948', '64', '5112', '-596', '861', '13140305054', '-3233114942', '10475499824', '1634', '2364', '1899', '3.84', null, '2020-11-17 19:10:07', null);
INSERT INTO `liabilities_statistics` VALUES ('44', '21', '2020', '2', '65408199465', '0', '5210', '0', '0', '13211281679', '-4954318827', '9813171193', '1988', '2243', '1461', '3.99', null, '2020-11-17 19:14:41', null);
INSERT INTO `liabilities_statistics` VALUES ('45', '34', '2015', '1', '105781391621', '0', '3013', '0', '0', '19531338586', '-100359734', '14471446152', '40', '6081', '592', '13.30', null, '2020-11-18 14:38:32', null);
INSERT INTO `liabilities_statistics` VALUES ('46', '34', '2016', '1', '109514120965', '353', '2668', '-833', '864', '16112349462', '-1817403614', '15585983488', '60', '5922', '573', '14.46', null, '2020-11-18 14:42:16', null);
INSERT INTO `liabilities_statistics` VALUES ('47', '34', '2017', '1', '122142584596', '1153', '2471', '330', '1453', '14097409555', '-5858840377', '24759779144', '87', '5187', '269', '16.87', null, '2020-11-18 14:46:16', null);
INSERT INTO `liabilities_statistics` VALUES ('48', '34', '2018', '1', '149547352039', '2244', '2215', '978', '2659', '10233502774', '-6013424586', '37619107062', '82', '4265', '217', '21.26', null, '2020-11-18 14:48:51', '2020-11-18 14:58:54');
INSERT INTO `liabilities_statistics` VALUES ('49', '34', '2019', '1', '178777181536', '1955', '2039', '1004', '2225', '12202925953', '-5037792251', '54977077591', '71', '3641', '219', '25.92', null, '2020-11-18 14:52:09', '2020-11-18 14:59:32');
INSERT INTO `liabilities_statistics` VALUES ('50', '34', '2020', '2', '196664949022', '0', '1986', '0', '0', '13444248978', '-7572562184', '65742977284', '78', '3434', '213', '28.59', null, '2020-11-18 15:08:37', null);
INSERT INTO `liabilities_statistics` VALUES ('51', '36', '2015', '1', '152592894442', '0', '4865', '0', '0', '44064881937', '1798736014', '38866861836', '537', '5388', '193', '2.20', null, '2020-11-18 17:57:04', null);
INSERT INTO `liabilities_statistics` VALUES ('52', '36', '2016', '1', '205135011042', '3443', '5514', '5237', '1744', '70380893474', '-3245318900', '58152817223', '789', '5019', '155', '2.24', null, '2020-11-18 18:00:02', null);
INSERT INTO `liabilities_statistics` VALUES ('53', '36', '2017', '1', '256108741849', '2485', '5928', '3422', '1333', '103323751615', '596753925', '57128659576', '606', '5442', '355', '2.44', null, '2020-11-18 18:03:43', null);
INSERT INTO `liabilities_statistics` VALUES ('54', '36', '2018', '1', '304028491385', '1871', '6041', '2098', '1541', '117532354425', '2715905088', '51481539711', '676', '6071', '145', '2.47', null, '2020-11-18 18:14:52', null);
INSERT INTO `liabilities_statistics` VALUES ('55', '36', '2019', '1', '340412203308', '1197', '5856', '854', '1720', '133722350523', '5379399314', '56972723239', '533', '6262', '116', '2.73', null, '2020-11-18 18:17:20', null);
INSERT INTO `liabilities_statistics` VALUES ('56', '36', '2020', '2', '363168000656', '0', '5772', '0', '0', '138922069175', '2186570608', '62338112869', '707', '6096', '127', '2.91', null, '2020-11-18 18:22:55', null);
INSERT INTO `liabilities_statistics` VALUES ('57', '40', '2015', '1', '5207681988', '0', '1639', '0', '0', '0', '-310909741', '3032481654', '1785', '1658', '0', '8.90', null, '2020-11-19 21:21:29', null);
INSERT INTO `liabilities_statistics` VALUES ('58', '40', '2016', '1', '5796338568', '1130', '1811', '2299', '901', '0', '-294291605', '3402084142', '1744', '1513', '137', '9.52', null, '2020-11-19 21:24:17', null);
INSERT INTO `liabilities_statistics` VALUES ('59', '40', '2017', '1', '5559652358', '-408', '1665', '-1180', '-238', '0', '-357277649', '2602786492', '1861', '1588', '233', '4.64', null, '2020-11-19 21:26:59', null);
INSERT INTO `liabilities_statistics` VALUES ('60', '40', '2018', '1', '5408561519', '-272', '1738', '157', '-357', '0', '-576908831', '1836989082', '2321', '1787', '47', '4.48', null, '2020-11-19 21:32:12', null);
INSERT INTO `liabilities_statistics` VALUES ('61', '40', '2019', '1', '4394148318', '-1876', '1884', '-1197', '-2018', '0', '-330973107', '1554888374', '2207', '17', '0', '3.57', null, '2020-11-19 21:34:38', null);
INSERT INTO `liabilities_statistics` VALUES ('62', '41', '2015', '1', '616108242188', '0', '7699', '0', '0', '83709327829', '17601989559', '179318615528', '226', '63', '3790', '11.48', null, '2020-11-20 13:25:21', '2020-11-20 15:43:50');
INSERT INTO `liabilities_statistics` VALUES ('63', '41', '2016', '1', '597438839244', '-303', '7560', '-479', '286', '77575960061', '3343616772', '132856671386', '387', '66', '4160', '11.78', null, '2020-11-20 15:43:29', null);
INSERT INTO `liabilities_statistics` VALUES ('64', '41', '2017', '1', '625574643890', '471', '7552', '460', '504', '116364986205', '-230051525', '98816283657', '346', '132', '2954', '12.36', null, '2020-11-20 15:47:17', null);
INSERT INTO `liabilities_statistics` VALUES ('65', '41', '2018', '1', '653132717498', '441', '7599', '505', '241', '123738317062', '8224157276', '119725173129', '455', '237', '159', '12.64', null, '2020-11-20 16:03:16', '2020-11-20 17:10:05');
INSERT INTO `liabilities_statistics` VALUES ('66', '41', '2019', '1', '791722429235', '2122', '7910', '2619', '550', '133799216635', '13140632661', '150151768382', '367', '32', '130', '13.34', null, '2020-11-20 16:06:02', '2020-11-20 17:09:13');
INSERT INTO `liabilities_statistics` VALUES ('67', '41', '2020', '2', '1044135534673', '0', '8240', '0', '0', '172032801457', '53536435929', '200122211782', '485', '72', '95', '13.90', null, '2020-11-20 16:33:46', null);
INSERT INTO `liabilities_statistics` VALUES ('68', '42', '2017', '1', '205883392442', '0', '7863', '0', '0', '34359033980', '1634287072', '41721594631', '67', '2', '3549', '6.04', null, '2020-11-20 17:41:58', null);
INSERT INTO `liabilities_statistics` VALUES ('69', '42', '2018', '1', '195082313194', '-525', '7547', '-906', '878', '45971184385', '1268281944', '43126477585', '74', '23', '11', '6.22', null, '2020-11-20 17:44:27', null);
INSERT INTO `liabilities_statistics` VALUES ('70', '42', '2019', '1', '285669623807', '4644', '8008', '5540', '1887', '57773580844', '1971689155', '90254671089', '75', '18', '11', '7.40', null, '2020-11-20 17:48:10', null);
INSERT INTO `liabilities_statistics` VALUES ('71', '42', '2020', '2', '353800408439', '0', '8246', '0', '0', '60134541857', '434823596', '78899523120', '187', '13', '10', '8.07', null, '2020-11-20 17:50:43', '2020-11-20 17:58:39');
INSERT INTO `liabilities_statistics` VALUES ('72', '45', '2015', '1', '452614615317', '0', '8199', '0', '0', '76237828883', '6813775441', '135134061740', '14', '75', '3830', '11.28', null, '2020-11-20 19:55:09', null);
INSERT INTO `liabilities_statistics` VALUES ('73', '45', '2016', '1', '401450397626', '-1130', '7866', '-1490', '507', '78463307349', '5836403188', '113667317096', '25', '89', '4277', '11.78', null, '2020-11-20 19:58:38', null);
INSERT INTO `liabilities_statistics` VALUES ('74', '45', '2017', '1', '381482539816', '-497', '7678', '-725', '342', '79581226820', '4465012737', '76898221871', '52', '98', '3640', '12.19', null, '2020-11-20 20:01:57', null);
INSERT INTO `liabilities_statistics` VALUES ('75', '45', '2018', '1', '368665874058', '-336', '7159', '-989', '1824', '67605290163', '4386798015', '71102643314', '84', '96', '373', '12.53', null, '2020-11-20 20:05:19', null);
INSERT INTO `liabilities_statistics` VALUES ('76', '45', '2019', '1', '562180638301', '5249', '7765', '6540', '1996', '71191485823', '5800002155', '117098117885', '98', '66', '288', '13.50', null, '2020-11-20 20:08:27', null);
INSERT INTO `liabilities_statistics` VALUES ('77', '45', '2020', '2', '692130926929', '0', '8117', '0', '0', '97152917177', '32318151884', '131020375654', '92', '53', '251', '14.00', null, '2020-11-20 20:11:57', null);
INSERT INTO `liabilities_statistics` VALUES ('78', '52', '2017', '1', '11190111419', '0', '3443', '0', '0', '0', '3293157187', '560581595', '16', '624', '1063', '14.82', null, '2020-11-22 14:35:23', null);
INSERT INTO `liabilities_statistics` VALUES ('79', '52', '2018', '1', '15292066900', '3666', '2172', '-1379', '6315', '0', '2711332165', '3878307795', '25', '457', '768', '15.89', null, '2020-11-22 14:39:09', null);
INSERT INTO `liabilities_statistics` VALUES ('80', '52', '2019', '1', '15110238657', '-119', '1785', '-1882', '370', '0', '2041675991', '486637537', '29', '558', '749', '11.77', null, '2020-11-22 14:42:17', null);
INSERT INTO `liabilities_statistics` VALUES ('81', '52', '2020', '2', '12632507200', '0', '935', '0', '0', '0', '521037790', '151275444', '28', '734', '1018', '9.05', null, '2020-11-22 14:50:58', null);

-- ----------------------------
-- Table structure for profit_statistics
-- ----------------------------
DROP TABLE IF EXISTS `profit_statistics`;
CREATE TABLE `profit_statistics` (
  `id` int(11) NOT NULL AUTO_INCREMENT,
  `company_id` int(11) NOT NULL COMMENT '公司详情表主键',
  `year` int(4) NOT NULL COMMENT '年份',
  `report_type` int(1) NOT NULL DEFAULT '1' COMMENT '参考标准 1-年报 2-第三季度报 3-半年报 4-第一季度报',
  `business_income_growth_rate` int(8) NOT NULL DEFAULT '0' COMMENT '营业收入增速',
  `gross_profit_margin` int(8) NOT NULL COMMENT '毛利率',
  `cost_rate` int(8) NOT NULL COMMENT '费用率',
  `cost_in_profit` int(8) NOT NULL COMMENT '费用率/毛利率',
  `main_profit` bigint(20) NOT NULL COMMENT '主营利润',
  `business_to_profit` bigint(20) NOT NULL DEFAULT '0' COMMENT '经营活动产生的现金流量净额(现金流量表)',
  `profit_quality` int(8) NOT NULL COMMENT '利润质量 经营活动产生的现金流量净额/主营利润',
  `profit_quality_one` int(8) NOT NULL DEFAULT '0' COMMENT '利润质量 经营活动产生的现金流量净额/净利润',
  `main_profit_in_profit_total` int(8) NOT NULL COMMENT '主营利润/利润总额',
  `main_profit_in_income_total` int(8) NOT NULL COMMENT '主营利润率 主营利润/营业收入',
  `belong_mother_net_profit` bigint(20) NOT NULL COMMENT '归属于母公司所有者的净利润',
  `belong_mother_net_profit_growth_rate` int(8) NOT NULL COMMENT '归属于母公司所有者的净利润增速',
  `total_equity` bigint(20) NOT NULL COMMENT '总股本',
  `shares_profit` decimal(8,2) NOT NULL COMMENT '每股收益',
  `remark` varchar(100) DEFAULT NULL COMMENT '备注',
  `create_time` datetime NOT NULL COMMENT '创建时间',
  `update_time` datetime DEFAULT NULL COMMENT '更新时间',
  PRIMARY KEY (`id`),
  UNIQUE KEY `idx_0` (`company_id`,`year`,`report_type`)
) ENGINE=InnoDB AUTO_INCREMENT=74 DEFAULT CHARSET=utf8mb4 COMMENT='合并利润表统计';

-- ----------------------------
-- Records of profit_statistics
-- ----------------------------
INSERT INTO `profit_statistics` VALUES ('1', '1', '2019', '1', '-178', '-8371', '900', '-1075', '7752713000', '14741007000', '19014', '91307', '31889', '607', '1614450000', '-4193', '0', '0.00', null, '2020-11-03 17:52:56', '2020-11-27 19:46:47');
INSERT INTO `profit_statistics` VALUES ('2', '1', '2018', '1', '2279', '-8360', '855', '-1023', '8058506000', '12522909000', '15540', '45043', '18375', '620', '2780194000', '-3163', '0', '0.00', null, '2020-11-03 19:03:34', '2020-11-27 19:48:29');
INSERT INTO `profit_statistics` VALUES ('3', '1', '2017', '1', '236', '-8099', '1324', '-1635', '4783971000', '6367887000', '13311', '15659', '8511', '452', '4066478000', '-1951', '0', '0.00', null, '2020-11-03 20:22:00', '2020-11-27 19:49:25');
INSERT INTO `profit_statistics` VALUES ('4', '1', '2016', '1', '2932', '-7964', '1185', '-1488', '7296216000', '-1845571000', '-2529', '-3653', '11108', '705', '5052154000', '7894', '0', '0.00', null, '2020-11-03 21:02:11', '2020-11-27 19:49:50');
INSERT INTO `profit_statistics` VALUES ('5', '1', '2015', '1', '0', '-8313', '1216', '-1463', '2499036000', '3842094000', '15374', '13608', '6585', '312', '2823441000', '0', '0', '0.00', null, '2020-11-03 21:06:09', '2020-11-27 20:48:57');
INSERT INTO `profit_statistics` VALUES ('6', '2', '2015', '1', '0', '4806', '2103', '4376', '10420800921', '44378381827', '42586', '35155', '6989', '1066', '12532442817', '0', '6016000000', '2.08', null, '2020-11-05 14:12:54', '2020-11-05 15:30:39');
INSERT INTO `profit_statistics` VALUES ('7', '2', '2016', '1', '1080', '4859', '2028', '4174', '12020298316', '14859952106', '12362', '9572', '6487', '1110', '15420964990', '2305', '6016000000', '2.56', null, '2020-11-05 15:30:45', null);
INSERT INTO `profit_statistics` VALUES ('8', '2', '2017', '1', '3692', '4894', '1562', '3192', '24047804932', '16358538247', '6803', '7268', '9035', '1622', '22401576204', '4527', '6016000000', '3.72', null, '2020-11-05 15:43:48', null);
INSERT INTO `profit_statistics` VALUES ('9', '2', '2018', '1', '3361', '4332', '1174', '2710', '34881688513', '26940791542', '7723', '10213', '11154', '1761', '26202787681', '1697', '6016000000', '4.36', null, '2020-11-05 15:47:25', null);
INSERT INTO `profit_statistics` VALUES ('10', '2', '2019', '1', '2', '3809', '1116', '2930', '31005213423', '27893714093', '8996', '11235', '10563', '1565', '24696641368', '-575', '6016000000', '4.11', null, '2020-11-05 15:50:10', null);
INSERT INTO `profit_statistics` VALUES ('11', '2', '2020', '2', '0', '3539', '1041', '2942', '8602481891', '3032000101', '3525', '4116', '9834', '1526', '7336584665', '0', '6016000000', '1.22', null, '2020-11-05 17:16:37', null);
INSERT INTO `profit_statistics` VALUES ('12', '2', '2020', '3', '0', '2677', '975', '3642', '7564587675', '-4517675737', '-5972', '-7031', '9830', '1088', '6362137377', '0', '6016000000', '1.06', null, '2020-11-05 17:22:15', null);
INSERT INTO `profit_statistics` VALUES ('13', '14', '2015', '1', '0', '8499', '356', '419', '2531348445', '3207366712', '12671', '11949', '7488', '4027', '2531433048', '0', '1927000000', '1.31', null, '2020-11-12 22:43:55', null);
INSERT INTO `profit_statistics` VALUES ('14', '14', '2016', '1', '1060', '8226', '341', '415', '2840951429', '2574784693', '9063', '8682', '7642', '4087', '2805650702', '1083', '1927000000', '1.46', null, '2020-11-12 22:45:45', null);
INSERT INTO `profit_statistics` VALUES ('15', '14', '2017', '1', '1598', '9927', '307', '309', '3748211422', '4114021179', '10976', '10666', '7742', '4649', '3683408499', '3129', '1927000000', '1.91', null, '2020-11-12 22:47:26', null);
INSERT INTO `profit_statistics` VALUES ('16', '14', '2018', '1', '1551', '10699', '262', '245', '4547213701', '4467517029', '9825', '10082', '8077', '4883', '4231432034', '1488', '1927000000', '2.20', null, '2020-11-12 22:49:17', null);
INSERT INTO `profit_statistics` VALUES ('17', '14', '2019', '1', '1752', '10495', '242', '231', '5329270613', '4885045782', '9166', '9286', '7993', '4869', '5030210052', '1888', '1927000000', '2.61', null, '2020-11-12 22:50:47', null);
INSERT INTO `profit_statistics` VALUES ('18', '16', '2015', '1', '0', '8724', '2751', '3153', '600590847', '522168231', '8694', '11960', '10917', '1897', '428043981', '0', '985560192', '0.43', null, '2020-11-13 20:53:26', null);
INSERT INTO `profit_statistics` VALUES ('19', '16', '2016', '1', '2637', '8556', '2862', '3345', '693152291', '675098166', '9740', '11904', '10131', '1733', '557467244', '3024', '1010319936', '0.55', null, '2020-11-13 20:58:26', null);
INSERT INTO `profit_statistics` VALUES ('20', '16', '2017', '1', '4906', '8616', '2788', '3236', '1083687187', '1330404512', '12277', '16782', '10551', '1817', '742514537', '3319', '1585984466', '0.47', null, '2020-11-13 21:00:32', null);
INSERT INTO `profit_statistics` VALUES ('21', '16', '2018', '1', '3431', '8867', '2426', '2736', '1808318552', '1399870398', '7741', '13134', '13102', '2258', '1008937348', '3588', '2383380148', '0.42', null, '2020-11-13 21:02:29', null);
INSERT INTO `profit_statistics` VALUES ('22', '16', '2019', '1', '2474', '9726', '2431', '2499', '2474267636', '2078432734', '8400', '14523', '13445', '2477', '1378920970', '3667', '3097811227', '0.45', null, '2020-11-13 21:04:01', null);
INSERT INTO `profit_statistics` VALUES ('23', '16', '2020', '2', '0', '9101', '2100', '2307', '2261583370', '2553014848', '11289', '15191', '10960', '2640', '1546035447', '0', '4121518035', '0.38', null, '2020-11-13 21:09:28', null);
INSERT INTO `profit_statistics` VALUES ('24', '4', '2015', '1', '0', '4382', '768', '1753', '661477020', '678463202', '10257', '12041', '9489', '2185', '484333231', '0', '635310000', '0.76', null, '2020-11-16 08:43:37', null);
INSERT INTO `profit_statistics` VALUES ('25', '4', '2016', '1', '538', '4711', '732', '1554', '751415593', '868035575', '11552', '13705', '9588', '2355', '542810484', '1207', '635310000', '0.85', null, '2020-11-16 08:45:42', null);
INSERT INTO `profit_statistics` VALUES ('26', '4', '2017', '1', '956', '4269', '786', '1841', '732079538', '756167910', '10329', '11407', '9327', '2094', '573556745', '566', '635310000', '0.90', null, '2020-11-16 08:47:20', null);
INSERT INTO `profit_statistics` VALUES ('27', '4', '2018', '1', '11551', '2294', '355', '1548', '1093684009', '994965223', '9097', '12450', '11728', '1452', '661906018', '1540', '745392304', '0.89', null, '2020-11-16 08:48:53', null);
INSERT INTO `profit_statistics` VALUES ('28', '4', '2019', '1', '-1114', '2579', '371', '1439', '1088973301', '1003308819', '9213', '11886', '11084', '1627', '736972121', '1134', '1080818841', '0.68', null, '2020-11-16 08:50:29', null);
INSERT INTO `profit_statistics` VALUES ('29', '4', '2020', '2', '0', '2721', '431', '1584', '609376633', '829997268', '13620', '18656', '11301', '1656', '398936810', '0', '1080818841', '0.37', null, '2020-11-16 08:52:04', null);
INSERT INTO `profit_statistics` VALUES ('30', '22', '2015', '1', '0', '432', '1142', '26435', '-4261126694', '6663680638', '-15638', '37196', '-24269', '-741', '283391104', '0', '10216274357', '0.03', null, '2020-11-16 20:45:52', null);
INSERT INTO `profit_statistics` VALUES ('31', '22', '2016', '1', '2378', '-98', '845', '-86224', '-6841502648', '1519532177', '-2221', '-1670', '7966', '-961', '-9906003612', '-359552', '10216274357', '-0.97', null, '2020-11-16 20:47:59', null);
INSERT INTO `profit_statistics` VALUES ('32', '22', '2017', '1', '2713', '951', '770', '8097', '731473647', '7092039383', '96956', '14681', '1283', '81', '2661935871', '-12687', '10216274357', '0.26', null, '2020-11-16 20:38:43', '2020-11-16 20:54:31');
INSERT INTO `profit_statistics` VALUES ('33', '22', '2018', '1', '3357', '924', '816', '8831', '131735421', '8130775621', '617205', '26867', '343', '11', '1230026418', '-5379', '10216274357', '0.12', null, '2020-11-16 20:53:51', null);
INSERT INTO `profit_statistics` VALUES ('34', '22', '2019', '1', '2502', '1204', '983', '8164', '1152685798', '21202371528', '183939', '20486', '966', '76', '6764104771', '44992', '12259529227', '0.55', null, '2020-11-16 20:56:33', null);
INSERT INTO `profit_statistics` VALUES ('35', '21', '2018', '1', '0', '773', '543', '7025', '1151891777', '2013393334', '17479', '6294', '2804', '149', '2704106404', '0', '6049166644', '0.45', null, '2020-11-17 19:17:21', '2020-11-17 19:27:54');
INSERT INTO `profit_statistics` VALUES ('36', '21', '2019', '1', '44', '576', '481', '8351', '293996672', '3319984464', '112926', '11343', '884', '38', '2803495055', '368', '7400803875', '0.38', null, '2020-11-17 19:25:44', null);
INSERT INTO `profit_statistics` VALUES ('37', '21', '2020', '2', '0', '606', '455', '7508', '601911204', '1006795914', '16727', '4664', '2271', '97', '2081470476', '0', '7400803875', '0.28', null, '2020-11-17 19:27:25', null);
INSERT INTO `profit_statistics` VALUES ('38', '34', '2015', '1', '0', '3819', '1344', '3519', '6810728973', '9908174057', '14548', '12989', '6784', '1336', '7516385018', '0', '5299302579', '1.42', null, '2020-11-18 15:28:41', null);
INSERT INTO `profit_statistics` VALUES ('39', '34', '2016', '1', '972', '4809', '1208', '2512', '10732621827', '13196752191', '12296', '14744', '9210', '1919', '8529916783', '1348', '5299302579', '1.61', null, '2020-11-18 15:31:19', null);
INSERT INTO `profit_statistics` VALUES ('40', '34', '2017', '1', '3465', '5405', '1393', '2577', '14984790710', '17363026840', '11587', '10569', '7059', '1990', '15854670109', '8587', '5299302579', '2.99', null, '2020-11-18 15:33:11', null);
INSERT INTO `profit_statistics` VALUES ('41', '34', '2018', '1', '7050', '5807', '583', '1004', '38229464473', '36058966899', '9432', '11770', '9647', '2977', '30636014460', '9323', '5299302579', '5.78', null, '2020-11-18 15:35:08', null);
INSERT INTO `profit_statistics` VALUES ('42', '34', '2019', '1', '2230', '4990', '583', '1168', '41709460154', '40738204985', '9767', '11859', '9361', '2656', '33592755201', '965', '5299302579', '6.34', null, '2020-11-18 15:39:43', null);
INSERT INTO `profit_statistics` VALUES ('43', '34', '2020', '2', '0', '0', '472', '0', '-6752877516', '23511398653', '-34817', '9186', '-2036', '-545', '24719025756', '0', '5299302579', '4.66', null, '2020-11-18 15:41:33', null);
INSERT INTO `profit_statistics` VALUES ('44', '36', '2015', '1', '0', '2546', '1535', '6029', '2131013165', '10493385445', '49241', '64058', '10585', '438', '1636270488', '0', '35153067743', '0.05', null, '2020-11-18 18:37:49', null);
INSERT INTO `profit_statistics` VALUES ('45', '36', '2016', '1', '4169', '2175', '1437', '6607', '1948776469', '10073287120', '51690', '49254', '7757', '283', '1882571674', '1505', '35153067743', '0.05', null, '2020-11-18 18:39:11', null);
INSERT INTO `profit_statistics` VALUES ('46', '36', '2017', '1', '3615', '3346', '1257', '3757', '11023126103', '26266986015', '23829', '33417', '11316', '1175', '7567682493', '30199', '34798398763', '0.22', null, '2020-11-18 18:41:21', null);
INSERT INTO `profit_statistics` VALUES ('47', '36', '2018', '1', '353', '2562', '1138', '4442', '7977097465', '25684047196', '32197', '89185', '19351', '821', '3435127975', '-5461', '34798398763', '0.10', null, '2020-11-18 18:42:55', null);
INSERT INTO `profit_statistics` VALUES ('48', '36', '2019', '1', '1951', '1789', '873', '4880', '6625256598', '26083079194', '39369', '-547686', '131519', '571', '1918643871', '-4415', '34798398763', '0.06', null, '2020-11-18 18:44:20', null);
INSERT INTO `profit_statistics` VALUES ('49', '40', '2015', '1', '0', '3212', '986', '3070', '405741022', '566938085', '13973', '12131', '7160', '1385', '467341391', '0', '489000000', '0.96', null, '2020-11-19 21:48:38', null);
INSERT INTO `profit_statistics` VALUES ('50', '40', '2016', '1', '21', '4000', '1100', '2750', '493115076', '568841496', '11536', '9667', '7078', '1680', '588427759', '2591', '498453200', '1.18', null, '2020-11-19 21:50:16', null);
INSERT INTO `profit_statistics` VALUES ('51', '40', '2017', '1', '1197', '5008', '551', '1100', '888189801', '683323197', '7693', '12355', '13510', '2703', '553058755', '-601', '998025883', '0.55', null, '2020-11-19 21:52:27', null);
INSERT INTO `profit_statistics` VALUES ('52', '40', '2018', '1', '130', '4398', '341', '775', '877249064', '664859636', '7579', '10166', '11390', '2635', '654010305', '1825', '997778478', '0.66', null, '2020-11-19 21:55:24', null);
INSERT INTO `profit_statistics` VALUES ('53', '40', '2019', '1', '-1213', '3498', '695', '1987', '533320116', '789281735', '14799', '15223', '8737', '1823', '518487302', '-2072', '998292105', '0.52', null, '2020-11-19 21:46:18', '2020-11-19 22:05:53');
INSERT INTO `profit_statistics` VALUES ('54', '41', '2015', '1', '0', '9751', '3589', '3681', '4780202327', '86246226820', '180424', '42360', '101402', '853', '19799793374', '0', '12116908400', '1.63', null, '2020-11-20 16:55:10', null);
INSERT INTO `profit_statistics` VALUES ('55', '41', '2016', '1', '-3216', '5967', '4466', '7484', '-3566595038', '-49392291188', '138486', '-44979', '-2501', '-939', '10365168588', '-4765', '12116908400', '0.86', null, '2020-11-20 16:57:16', null);
INSERT INTO `profit_statistics` VALUES ('56', '41', '2017', '1', '1392', '6008', '3925', '6533', '-1000404282', '-104193054144', '1041509', '-86991', '-619', '-231', '11433264545', '1030', '12116908400', '0.94', null, '2020-11-20 16:59:20', null);
INSERT INTO `profit_statistics` VALUES ('57', '41', '2018', '1', '-1402', '4779', '4113', '8606', '-3527208302', '57653504626', '-163454', '58375', '-2830', '-948', '9389895989', '-1787', '12116908400', '0.77', null, '2020-11-20 16:46:12', '2020-11-20 17:10:12');
INSERT INTO `profit_statistics` VALUES ('58', '41', '2019', '1', '1590', '6510', '4071', '6253', '-844270674', '21976368919', '-260300', '17375', '-497', '-196', '12648436451', '3470', '12116908400', '1.04', null, '2020-11-20 16:47:43', '2020-11-20 17:09:19');
INSERT INTO `profit_statistics` VALUES ('59', '41', '2020', '2', '0', '6787', '3556', '5239', '1746581180', '62345194468', '356956', '47546', '1029', '416', '12660811986', '0', '12926776029', '0.98', null, '2020-11-20 17:05:28', null);
INSERT INTO `profit_statistics` VALUES ('60', '42', '2017', '1', '0', '9026', '5108', '5659', '-498045055', '-45789270260', '919380', '-112736', '-930', '-441', '4015427677', '0', '7246385238', '0.55', null, '2020-11-20 18:17:16', '2020-11-20 18:39:52');
INSERT INTO `profit_statistics` VALUES ('61', '42', '2018', '1', '-350', '5884', '5158', '8766', '-1665379568', '4503221451', '-27040', '14510', '-4111', '-1527', '3087459930', '-2311', '7646385238', '0.40', null, '2020-11-20 18:01:12', '2020-11-20 18:39:48');
INSERT INTO `profit_statistics` VALUES ('62', '42', '2019', '1', '2554', '10976', '4717', '4298', '607074440', '36690821003', '604388', '66353', '230442', '443', '5501688251', '7819', '7646385238', '0.72', null, '2020-11-20 18:25:32', null);
INSERT INTO `profit_statistics` VALUES ('63', '42', '2020', '2', '0', '15287', '3646', '2385', '3692502879', '-18002712133', '-48755', '-23970', '3863', '2328', '7491035004', '0', '7646385238', '0.98', null, '2020-11-20 18:31:55', null);
INSERT INTO `profit_statistics` VALUES ('64', '45', '2015', '1', '0', '11900', '3854', '3239', '2425948711', '14820398504', '61091', '13725', '1701', '924', '10696870875', '0', '7162768800', '1.49', null, '2020-11-20 20:30:19', null);
INSERT INTO `profit_statistics` VALUES ('65', '45', '2016', '1', '-3558', '9858', '4736', '4804', '-65222826', '-15355728805', '2354349', '-17869', '-76', '-39', '6270611459', '-4138', '7162768800', '0.88', null, '2020-11-20 20:32:47', null);
INSERT INTO `profit_statistics` VALUES ('66', '45', '2017', '1', '2478', '10573', '4619', '4369', '945894905', '-35992259953', '-380510', '-38258', '817', '448', '9276520447', '4794', '7162768800', '1.30', null, '2020-11-20 20:35:08', null);
INSERT INTO `profit_statistics` VALUES ('67', '45', '2018', '1', '-2369', '6722', '5070', '7542', '-1832084604', '21990785392', '-120031', '42610', '-2841', '-1137', '5032737702', '-4575', '8251500000', '0.61', null, '2020-11-20 20:38:24', null);
INSERT INTO `profit_statistics` VALUES ('68', '45', '2019', '1', '5435', '8757', '4572', '5221', '88736053', '20440490712', '2303516', '22568', '77', '36', '9001644018', '7886', '9076650000', '0.99', null, '2020-11-20 20:26:05', '2020-11-20 20:47:24');
INSERT INTO `profit_statistics` VALUES ('69', '45', '2020', '2', '0', '8881', '4402', '4957', '565751153', '6926963568', '122438', '7747', '495', '232', '8838992580', '0', '9076650000', '0.97', null, '2020-11-20 20:45:08', null);
INSERT INTO `profit_statistics` VALUES ('70', '52', '2017', '1', '0', '9176', '1470', '1602', '2485015487', '2132909508', '8583', '9234', '8068', '3210', '2309878714', '0', '495000000', '4.67', null, '2020-11-22 15:03:27', null);
INSERT INTO `profit_statistics` VALUES ('71', '52', '2018', '1', '521', '9986', '1378', '1380', '2858650243', '2063627454', '7219', '7274', '8047', '3510', '2836983603', '2282', '753270000', '3.77', null, '2020-11-22 15:05:58', null);
INSERT INTO `profit_statistics` VALUES ('72', '52', '2019', '1', '-841', '11202', '1526', '1362', '2729992283', '1671449718', '6123', '6201', '8128', '3660', '2695295487', '-499', '1054578000', '2.56', null, '2020-11-22 15:07:59', null);
INSERT INTO `profit_statistics` VALUES ('73', '52', '2020', '2', '0', '10256', '1784', '1739', '959723836', '-518060841', '-5398', '-4434', '6580', '3179', '1168439379', '0', '1265493600', '0.92', null, '2020-11-22 15:11:37', null);

-- ----------------------------
-- Table structure for target_category
-- ----------------------------
DROP TABLE IF EXISTS `target_category`;
CREATE TABLE `target_category` (
  `id` int(11) NOT NULL AUTO_INCREMENT,
  `show_name` varchar(50) NOT NULL COMMENT '名称',
  `property_name` varchar(20) NOT NULL COMMENT '属性名称',
  `show_desc` varchar(500) DEFAULT NULL COMMENT '描述',
  `min_value` int(8) NOT NULL DEFAULT '0' COMMENT '最小值',
  `max_value` int(8) NOT NULL DEFAULT '100' COMMENT '最大值',
  `target_level` int(3) NOT NULL DEFAULT '0' COMMENT '指标级别',
  `remark` varchar(500) DEFAULT NULL COMMENT '备注',
  `create_time` datetime NOT NULL COMMENT '创建时间',
  `update_time` datetime DEFAULT NULL COMMENT '更新时间',
  PRIMARY KEY (`id`),
  UNIQUE KEY `idx_0` (`property_name`)
) ENGINE=InnoDB AUTO_INCREMENT=11 DEFAULT CHARSET=utf8mb4 COMMENT='指标类型明细';

-- ----------------------------
-- Records of target_category
-- ----------------------------
INSERT INTO `target_category` VALUES ('1', 'ROE', 'tp1', '净资产收益率=归母净利润/所有者权益合计', '20', '500', '0', '连续5年大于20%', '2020-11-27 11:41:06', '2020-11-27 20:25:35');
INSERT INTO `target_category` VALUES ('2', '净利润现金比例', 'tp2', '经营活动产生的现金流量净额/归母净利润', '100', '200', '0', '连续5年大于100%', '2020-11-27 11:51:20', '2020-11-27 20:25:42');
INSERT INTO `target_category` VALUES ('3', '资产负债率', 'tp3', '总负债/总资产', '0', '50', '0', '连续5年小于50%，大于70%有偿债危机', '2020-11-27 11:55:41', '2020-11-27 20:25:47');
INSERT INTO `target_category` VALUES ('4', '毛利率', 'tp4', '(营业收入-营业成本)/营业收入', '40', '100', '0', '连续5年大于40%', '2020-11-27 13:13:22', '2020-11-27 20:25:51');
INSERT INTO `target_category` VALUES ('5', '营业利润率', 'tp5', '营业利润/营业收入', '20', '200', '0', '连续5年大于20%', '2020-11-27 13:18:59', '2020-11-27 20:25:57');
INSERT INTO `target_category` VALUES ('6', '营业收入增长率', 'tp6', '(本期营业收入-上期营业收入)/上期营业收入', '10', '200', '0', '连续5年大于10%', '2020-11-27 13:22:10', '2020-11-27 20:26:02');
INSERT INTO `target_category` VALUES ('7', '固定资产比例', 'tp7', '(固定资产+在建工程+工程物质)/总资产', '0', '40', '0', '连续5年小于40%', '2020-11-27 13:25:09', '2020-11-27 20:26:07');
INSERT INTO `target_category` VALUES ('8', '分红率', 'tp8', '现金分红金额/净利润', '30', '100', '0', '连续5年大于30%', '2020-11-27 13:26:57', '2020-11-27 20:26:13');
INSERT INTO `target_category` VALUES ('9', '人均年薪', 'ta1', '当期应付职工薪酬-上期应付职工薪酬+支付给职工以及为职工支付的现金', '0', '0', '0', '同行业对比', '2020-11-27 13:56:27', '2020-11-27 20:26:20');
INSERT INTO `target_category` VALUES ('10', 'PE中位数', 'ta2', '当年pe中位数', '0', '0', '0', '', '2020-11-27 20:27:00', null);
