<?xml version="1.0" encoding="UTF-8"?>
<!DOCTYPE mapper PUBLIC "-//mybatis.org//DTD Mapper 3.0//EN" "http://mybatis.org/dtd/mybatis-3-mapper.dtd">
<mapper namespace="com.sjzx.mapper.CombineCashFlowMapper">

    <select id="listPage" resultType="com.sjzx.model.vo.output.CombineCashFlowVO">
        select a.*,b.code,b.name from combine_cash_flow a
        join company b on b.id = a.company_id
        <where>
            <if test="vo.companyId != null">
                and a.company_id = #{vo.companyId}
            </if>
            <if test="vo.reportType != null">
                and a.report_type = #{vo.reportType}
            </if>
            <if test="vo.type != null">
                and b.type = #{vo.type}
            </if>
            <if test="vo.year != null">
                and a.year = #{vo.year}
            </if>
        </where>
        order by a.company_id,a.year desc,a.report_type
    </select>

</mapper>
